rank,feature,importance,importance_type
1,demand_class_code,210.46160888671875,gain
2,availability_rate,22.250736236572266,gain
3,available_ratio,19.433942794799805,gain
4,calculated_demand_level,7.3505754470825195,gain
5,occupied_ratio,4.891272068023682,gain
6,remaining_capacity_ratio,4.231770038604736,gain
7,capacity_utilization,3.136606216430664,gain
8,is_moderate_occupancy,2.095574378967285,gain
9,demand_pressure,1.0229370594024658,gain
10,demand_level,0.4330626428127289,gain
11,occupancy_rate_roll_missing_6h,0.3161071836948395,gain
12,occupancy_rate_roll_count_6h,0.18704566359519958,gain
13,available_spaces_roll_min_12h,0.1754826307296753,gain
14,demand_class,0.16173748672008514,gain
15,occupancy_rate_roll_trend_1h,0.1610279083251953,gain
16,occupancy_rate_roll_max_2h,0.1113276481628418,gain
17,occupancy_rate_roll_max_1h,0.10470731556415558,gain
18,occupancy_rate_lag_2h,0.08466819673776627,gain
19,occupancy_rate_lag_3h,0.07877285778522491,gain
20,occupancy_rate_lag_1h,0.07836484163999557,gain
21,occupancy_rate_roll_max_3h,0.07340392470359802,gain
22,hour,0.07016883045434952,gain
23,occupancy_rate_roll_max_6h,0.06520765274763107,gain
24,occupancy_rate_roll_count_12h,0.06509559601545334,gain
25,occupancy_rate_roll_trend_2h,0.06491509824991226,gain
26,half_hour_slot,0.057559192180633545,gain
27,occupied_spaces_roll_trend_1h,0.05270778760313988,gain
28,available_spaces_roll_trend_1h,0.05097565799951553,gain
29,occupancy_rate_roll_std_1h,0.04886564612388611,gain
30,occupancy_rate_roll_trend_3h,0.04696199297904968,gain
31,occupancy_within_capacity,0.04032469913363457,gain
32,available_spaces_lag_6h,0.038201913237571716,gain
33,occupied_spaces_roll_median_12h,0.0379999615252018,gain
34,occupancy_rate_roll_median_1d,0.036684636026620865,gain
35,occupancy_rate_roll_missing_12h,0.03612357750535011,gain
36,occupancy_rate_lag_6h,0.03121231682598591,gain
37,occupancy_rate_lag_30m,0.028490664437413216,gain
38,occupancy_rate_roll_mean_1d,0.025855494663119316,gain
39,available_spaces_roll_trend_2h,0.023605532944202423,gain
40,occupancy_rate_roll_max_1d,0.02328232116997242,gain
41,day_of_week_sin,0.02266174741089344,gain
42,occupied_spaces_lag_6h,0.02054668962955475,gain
43,occupied_spaces_lag_2h,0.020477212965488434,gain
44,calendar_day_of_week_sin,0.018687423318624496,gain
45,occupied_spaces_roll_trend_2h,0.018064972013235092,gain
46,demand_excess_pressure,0.017581036314368248,gain
47,occupied_spaces_lag_3h,0.0171425249427557,gain
48,calendar_day_of_month,0.016541222110390663,gain
49,available_spaces_roll_min_1d,0.015111707150936127,gain
50,available_spaces_lag_2h,0.014234407804906368,gain
51,available_spaces_roll_std_1h,0.013159658759832382,gain
52,is_friday,0.013148876838386059,gain
53,occupancy_rate_roll_min_12h,0.012408159673213959,gain
54,occupied_spaces_roll_max_6h,0.012166059575974941,gain
55,available_spaces_roll_max_1h,0.012109808623790741,gain
56,available_spaces_roll_mean_1h,0.012109802104532719,gain
57,available_spaces_roll_min_1h,0.011938338167965412,gain
58,occupied_spaces_roll_median_1d,0.011772123165428638,gain
59,occupied_spaces_roll_max_1d,0.011701883748173714,gain
60,occupancy_rate_roll_std_1d,0.011459190398454666,gain
61,day_of_week,0.01145584974437952,gain
62,is_saturday,0.010845720767974854,gain
63,occupied_spaces_roll_max_3h,0.010816940106451511,gain
64,available_spaces_roll_median_1d,0.010411088354885578,gain
65,occupancy_rate_roll_count_3h,0.010370436124503613,gain
66,occupied_spaces_roll_trend_6h,0.010328070260584354,gain
67,occupied_spaces_roll_mean_3h,0.010201962664723396,gain
68,occupancy_rate_roll_median_2h,0.01019242499023676,gain
69,occupancy_rate_lag_1d,0.00970747135579586,gain
70,available_spaces_roll_std_1d,0.009649534709751606,gain
71,time_slot,0.009537086822092533,gain
72,available_spaces_roll_trend_6h,0.009320689365267754,gain
73,occupancy_rate_roll_median_1h,0.00926787406206131,gain
74,occupied_spaces_roll_mean_1d,0.009095756337046623,gain
75,available_spaces_roll_max_1d,0.008589554578065872,gain
76,calendar_day_of_week_cos,0.008515150286257267,gain
77,occupancy_rate_roll_std_12h,0.00851313304156065,gain
78,minutes_since_week_start,0.008441822603344917,gain
79,occupied_spaces_lag_30m,0.008328401483595371,gain
80,occupancy_rate_roll_min_1h,0.008189823478460312,gain
81,occupied_spaces_roll_min_12h,0.00815270934253931,gain
82,available_spaces_lag_30m,0.007952720858156681,gain
83,occupied_spaces_roll_min_2h,0.00788342859596014,gain
84,available_spaces_roll_mean_1d,0.00787606555968523,gain
85,occupied_spaces_roll_trend_3h,0.007858461700379848,gain
86,available_spaces_roll_max_3h,0.007680934388190508,gain
87,occupancy_rate_roll_count_2h,0.007564030587673187,gain
88,occupancy_rate_roll_missing_2h,0.00746752368286252,gain
89,occupancy_rate_roll_trend_6h,0.007387993857264519,gain
90,occupied_spaces_roll_median_1h,0.007383714430034161,gain
91,available_spaces_roll_median_2h,0.007333121728152037,gain
92,occupied_spaces_roll_min_3h,0.007136757019907236,gain
93,occupancy_rate_roll_missing_1d,0.00703637907281518,gain
94,day_of_week_cos,0.006937352009117603,gain
95,occupied_spaces_roll_max_2h,0.006872142199426889,gain
96,available_spaces_roll_min_2h,0.0068102567456662655,gain
97,occupied_spaces_roll_median_3h,0.006471375469118357,gain
98,available_spaces_roll_min_6h,0.006402889732271433,gain
99,available_spaces_roll_median_6h,0.0063905976712703705,gain
100,day_of_month,0.006329752039164305,gain
101,occupied_spaces_roll_std_1h,0.006226308643817902,gain
102,occupancy_rate_roll_std_3h,0.006144748535007238,gain
103,occupied_spaces_roll_max_1h,0.005952113773673773,gain
104,occupancy_rate_roll_trend_1d,0.005764069966971874,gain
105,occupancy_rate_roll_mean_12h,0.005758194252848625,gain
106,minute,0.005744176916778088,gain
107,available_spaces_lag_1h,0.005576304160058498,gain
108,occupancy_rate_roll_min_1d,0.005567445419728756,gain
109,hour_cos,0.0055487691424787045,gain
110,occupied_spaces_roll_std_6h,0.005499630235135555,gain
111,available_spaces_roll_max_12h,0.005488593131303787,gain
112,occupied_spaces_roll_min_1d,0.005418173037469387,gain
113,occupancy_rate_roll_min_6h,0.005301639437675476,gain
114,is_wednesday,0.00522205512970686,gain
115,occupancy_rate_roll_std_6h,0.005139784887433052,gain
116,available_spaces_roll_max_2h,0.005118518602102995,gain
117,occupied_spaces_roll_std_1d,0.0051019624806940556,gain
118,occupancy_rate_roll_mean_3h,0.0050351484678685665,gain
119,available_spaces_roll_trend_3h,0.004974746610969305,gain
120,available_spaces_roll_median_12h,0.00491649005562067,gain
121,occupied_spaces_roll_min_6h,0.004826330114156008,gain
122,occupancy_rate_roll_median_3h,0.004816405009478331,gain
123,occupancy_rate_roll_count_1d,0.004788216669112444,gain
124,available_spaces_roll_max_6h,0.004782062489539385,gain
125,available_spaces_roll_median_3h,0.004637131933122873,gain
126,occupancy_rate_roll_std_2h,0.004623790271580219,gain
127,occupancy_rate_roll_median_6h,0.004603704437613487,gain
128,available_spaces_lag_1d,0.004499876871705055,gain
129,occupied_spaces_roll_min_1h,0.004300943110138178,gain
130,occupancy_rate_roll_median_12h,0.004227718338370323,gain
131,month,0.004160646814852953,gain
132,occupancy_rate_roll_min_2h,0.004117059987038374,gain
133,occupancy_rate_roll_mean_1h,0.004115081392228603,gain
134,day_of_year_sin,0.004043696913868189,gain
135,available_spaces_roll_mean_2h,0.003970882389694452,gain
136,occupied_spaces_lag_1h,0.003967162221670151,gain
137,occupied_spaces_roll_trend_1d,0.003964007832109928,gain
138,occupied_spaces_roll_mean_12h,0.003927263431251049,gain
139,available_spaces_roll_mean_12h,0.0039042113348841667,gain
140,available_spaces_roll_min_3h,0.0037365155294537544,gain
141,occupied_spaces_roll_std_2h,0.0035874268505722284,gain
142,minutes_since_midnight,0.0034522961359471083,gain
143,occupied_spaces_roll_count_1d,0.0034449908416718245,gain
144,available_spaces_roll_median_1h,0.0034357744734734297,gain
145,occupancy_rate_roll_mean_6h,0.0033981907181441784,gain
146,occupancy_rate_roll_count_1h,0.0033661529887467623,gain
147,occupied_spaces_lag_1d,0.003358708694577217,gain
148,available_spaces_roll_mean_6h,0.003314682748168707,gain
149,available_spaces_roll_trend_1d,0.003304324811324477,gain
150,is_tuesday,0.0033035932574421167,gain
151,occupied_spaces_roll_trend_12h,0.00327685521915555,gain
152,occupancy_rate_roll_trend_12h,0.003219305071979761,gain
153,occupied_spaces_roll_median_6h,0.0031353586819022894,gain
154,occupied_spaces_roll_std_3h,0.003099856898188591,gain
155,occupancy_rate_roll_mean_2h,0.0030777782667428255,gain
156,days_to_month_end,0.003042756114155054,gain
157,occupancy_rate_roll_min_3h,0.0029564877040684223,gain
158,available_spaces_roll_std_2h,0.002910267561674118,gain
159,available_spaces_roll_trend_12h,0.002888640621677041,gain
160,occupied_spaces_roll_mean_6h,0.002882707165554166,gain
161,occupied_spaces_roll_mean_2h,0.002831459743902087,gain
162,occupied_spaces_roll_mean_1h,0.0028259449172765017,gain
163,occupied_spaces_roll_max_12h,0.0027837634552270174,gain
164,available_spaces_lag_3h,0.0026843445375561714,gain
165,calendar_day_of_year,0.0026616635732352734,gain
166,occupancy_state_valid,0.002583506517112255,gain
167,is_weekend,0.0025241044349968433,gain
168,occupied_spaces_roll_std_12h,0.002520994283258915,gain
169,day_of_year,0.0024901011493057013,gain
170,is_moderate_demand,0.0024330599699169397,gain
171,is_sunday,0.0024097615387290716,gain
172,available_spaces_roll_std_6h,0.0023565252777189016,gain
173,occupancy_rate_roll_max_12h,0.002253803890198469,gain
174,day_of_year_cos,0.0021701552905142307,gain
175,occupied_spaces_roll_median_2h,0.002113396069034934,gain
176,is_high_demand,0.0021115776617079973,gain
177,available_spaces_roll_mean_3h,0.0020593153312802315,gain
178,available_spaces_roll_std_3h,0.001700108521617949,gain
179,is_thursday,0.0015659673372283578,gain
180,available_spaces_roll_std_12h,0.0014688137453049421,gain
181,occupancy_level,0.0006854338571429253,gain
182,week_of_year,0.0005954249063506722,gain
