source_facility_code,normalized_at,source_observed_at,total_spaces,occupied_spaces,available_spaces,raw_occupancy_rate,occupancy_rate,observation_present,source_observation_count,source_time_distance_minutes,alignment_status,gap_status,gap_slot_count,is_operational_gap,is_data_gap,is_long_gap,is_very_long_gap,sequence_break,is_eligible_for_sequence,normalization_method,operational_profile_enabled,source,quality_flags,quality_status
BHMBCCPST01,2016-10-08 14:00:00,2016-10-08 14:03:00,317,320,-3,1.0094637223974763,1.0,True,1,3.0,ALIGNED,CONTINUOUS,0,False,False,False,False,False,True,NEAREST_SOURCE_OBSERVATION,True,BIRMINGHAM,['CAPACITY_EXCEEDED'],FLAGGED
BHMBCCPST01,2016-10-22 14:30:00,2016-10-22 14:39:00,317,318,-1,1.003154574132492,1.0,True,1,9.0,ALIGNED,CONTINUOUS,0,False,False,False,False,False,True,NEAREST_SOURCE_OBSERVATION,True,BIRMINGHAM,['CAPACITY_EXCEEDED'],FLAGGED
BHMBCCSNH01,2016-11-28 11:00:00,2016-11-28 11:01:00,863,865,-2,1.0023174971031286,1.0,True,1,1.0,ALIGNED,CONTINUOUS,0,False,False,False,False,False,True,NEAREST_SOURCE_OBSERVATION,True,BIRMINGHAM,['CAPACITY_EXCEEDED'],FLAGGED
BHMBCCSNH01,2016-11-28 11:30:00,2016-11-28 11:32:00,863,866,-3,1.0034762456546928,1.0,True,1,2.0,ALIGNED,CONTINUOUS,0,False,False,False,False,False,True,NEAREST_SOURCE_OBSERVATION,True,BIRMINGHAM,['CAPACITY_EXCEEDED'],FLAGGED
BHMBCCSNH01,2016-11-30 10:30:00,2016-11-30 10:28:00,863,864,-1,1.0011587485515643,1.0,True,1,2.0,ALIGNED,CONTINUOUS,0,False,False,False,False,False,True,NEAREST_SOURCE_OBSERVATION,True,BIRMINGHAM,['CAPACITY_EXCEEDED'],FLAGGED
BHMBCCSNH01,2016-12-06 08:00:00,2016-12-06 07:56:00,863,869,-6,1.006952491309386,1.0,True,1,4.0,ALIGNED,MISSING,0,False,False,False,False,True,True,NEAREST_SOURCE_OBSERVATION,True,BIRMINGHAM,['CAPACITY_EXCEEDED'],FLAGGED
BHMBCCSNH01,2016-12-06 08:30:00,2016-12-06 08:29:00,863,866,-3,1.0034762456546928,1.0,True,1,1.0,ALIGNED,CONTINUOUS,0,False,False,False,False,False,True,NEAREST_SOURCE_OBSERVATION,True,BIRMINGHAM,['CAPACITY_EXCEEDED'],FLAGGED
BHMBCCSNH01,2016-12-06 09:30:00,2016-12-06 09:29:00,863,864,-1,1.0011587485515643,1.0,True,1,1.0,ALIGNED,CONTINUOUS,0,False,False,False,False,False,True,NEAREST_SOURCE_OBSERVATION,True,BIRMINGHAM,['CAPACITY_EXCEEDED'],FLAGGED
BHMBCCSNH01,2016-12-06 10:00:00,2016-12-06 10:02:00,863,868,-5,1.0057937427578216,1.0,True,1,2.0,ALIGNED,CONTINUOUS,0,False,False,False,False,False,True,NEAREST_SOURCE_OBSERVATION,True,BIRMINGHAM,['CAPACITY_EXCEEDED'],FLAGGED
BHMBCCSNH01,2016-12-06 10:30:00,2016-12-06 10:29:00,863,868,-5,1.0057937427578216,1.0,True,1,1.0,ALIGNED,CONTINUOUS,0,False,False,False,False,False,True,NEAREST_SOURCE_OBSERVATION,True,BIRMINGHAM,['CAPACITY_EXCEEDED'],FLAGGED
BHMBCCSNH01,2016-12-06 11:00:00,2016-12-06 11:02:00,863,866,-3,1.0034762456546928,1.0,True,1,2.0,ALIGNED,CONTINUOUS,0,False,False,False,False,False,True,NEAREST_SOURCE_OBSERVATION,True,BIRMINGHAM,['CAPACITY_EXCEEDED'],FLAGGED
BHMBCCSNH01,2016-12-06 11:30:00,2016-12-06 11:29:00,863,864,-1,1.0011587485515643,1.0,True,1,1.0,ALIGNED,CONTINUOUS,0,False,False,False,False,False,True,NEAREST_SOURCE_OBSERVATION,True,BIRMINGHAM,['CAPACITY_EXCEEDED'],FLAGGED
BHMBCCSNH01,2016-12-06 12:00:00,2016-12-06 11:56:00,863,865,-2,1.0023174971031286,1.0,True,1,4.0,ALIGNED,CONTINUOUS,0,False,False,False,False,False,True,NEAREST_SOURCE_OBSERVATION,True,BIRMINGHAM,['CAPACITY_EXCEEDED'],FLAGGED
BHMBCCTHL01,2016-11-17 12:00:00,2016-11-17 12:04:00,387,390,-3,1.0077519379844961,1.0,True,1,4.0,ALIGNED,CONTINUOUS,0,False,False,False,False,False,True,NEAREST_SOURCE_OBSERVATION,True,BIRMINGHAM,['CAPACITY_EXCEEDED'],FLAGGED
BHMBCCTHL01,2016-11-17 12:30:00,2016-11-17 12:31:00,387,392,-5,1.0129198966408268,1.0,True,1,1.0,ALIGNED,CONTINUOUS,0,False,False,False,False,False,True,NEAREST_SOURCE_OBSERVATION,True,BIRMINGHAM,['CAPACITY_EXCEEDED'],FLAGGED
BHMBCCTHL01,2016-11-17 13:00:00,2016-11-17 13:04:00,387,390,-3,1.0077519379844961,1.0,True,1,4.0,ALIGNED,CONTINUOUS,0,False,False,False,False,False,True,NEAREST_SOURCE_OBSERVATION,True,BIRMINGHAM,['CAPACITY_EXCEEDED'],FLAGGED
BHMBCCTHL01,2016-11-17 13:30:00,2016-11-17 13:31:00,387,394,-7,1.0180878552971577,1.0,True,1,1.0,ALIGNED,CONTINUOUS,0,False,False,False,False,False,True,NEAREST_SOURCE_OBSERVATION,True,BIRMINGHAM,['CAPACITY_EXCEEDED'],FLAGGED
BHMBCCTHL01,2016-11-17 14:00:00,2016-11-17 14:04:00,387,394,-7,1.0180878552971577,1.0,True,1,4.0,ALIGNED,CONTINUOUS,0,False,False,False,False,False,True,NEAREST_SOURCE_OBSERVATION,True,BIRMINGHAM,['CAPACITY_EXCEEDED'],FLAGGED
BHMBCCTHL01,2016-11-17 14:30:00,2016-11-17 14:30:00,387,393,-6,1.0155038759689923,1.0,True,1,0.0,EXACT,CONTINUOUS,0,False,False,False,False,False,True,SOURCE_OBSERVATION,True,BIRMINGHAM,['CAPACITY_EXCEEDED'],FLAGGED
BHMBCCTHL01,2016-11-17 15:00:00,2016-11-17 14:58:00,387,400,-13,1.0335917312661498,1.0,True,1,2.0,ALIGNED,CONTINUOUS,0,False,False,False,False,False,True,NEAREST_SOURCE_OBSERVATION,True,BIRMINGHAM,['CAPACITY_EXCEEDED'],FLAGGED
BHMBCCTHL01,2016-11-18 12:30:00,2016-11-18 12:27:00,387,391,-4,1.0103359173126616,1.0,True,1,3.0,ALIGNED,CONTINUOUS,0,False,False,False,False,False,True,NEAREST_SOURCE_OBSERVATION,True,BIRMINGHAM,['CAPACITY_EXCEEDED'],FLAGGED
BHMBCCTHL01,2016-11-18 13:30:00,2016-11-18 13:34:00,387,396,-9,1.0232558139534884,1.0,True,1,4.0,ALIGNED,CONTINUOUS,0,False,False,False,False,False,True,NEAREST_SOURCE_OBSERVATION,True,BIRMINGHAM,['CAPACITY_EXCEEDED'],FLAGGED
BHMBCCTHL01,2016-11-19 12:00:00,2016-11-19 12:04:00,387,402,-15,1.0387596899224807,1.0,True,1,4.0,ALIGNED,CONTINUOUS,0,False,False,False,False,False,True,NEAREST_SOURCE_OBSERVATION,True,BIRMINGHAM,['CAPACITY_EXCEEDED'],FLAGGED
BHMBCCTHL01,2016-11-19 12:30:00,2016-11-19 12:31:00,387,402,-15,1.0387596899224807,1.0,True,1,1.0,ALIGNED,CONTINUOUS,0,False,False,False,False,False,True,NEAREST_SOURCE_OBSERVATION,True,BIRMINGHAM,['CAPACITY_EXCEEDED'],FLAGGED
BHMBCCTHL01,2016-11-19 13:00:00,2016-11-19 13:04:00,387,399,-12,1.0310077519379846,1.0,True,1,4.0,ALIGNED,CONTINUOUS,0,False,False,False,False,False,True,NEAREST_SOURCE_OBSERVATION,True,BIRMINGHAM,['CAPACITY_EXCEEDED'],FLAGGED
BHMBCCTHL01,2016-11-19 13:30:00,2016-11-19 13:31:00,387,402,-15,1.0387596899224807,1.0,True,1,1.0,ALIGNED,CONTINUOUS,0,False,False,False,False,False,True,NEAREST_SOURCE_OBSERVATION,True,BIRMINGHAM,['CAPACITY_EXCEEDED'],FLAGGED
BHMBCCTHL01,2016-11-19 14:00:00,2016-11-19 14:04:00,387,402,-15,1.0387596899224807,1.0,True,1,4.0,ALIGNED,CONTINUOUS,0,False,False,False,False,False,True,NEAREST_SOURCE_OBSERVATION,True,BIRMINGHAM,['CAPACITY_EXCEEDED'],FLAGGED
BHMBCCTHL01,2016-11-19 14:30:00,2016-11-19 14:31:00,387,399,-12,1.0310077519379846,1.0,True,1,1.0,ALIGNED,CONTINUOUS,0,False,False,False,False,False,True,NEAREST_SOURCE_OBSERVATION,True,BIRMINGHAM,['CAPACITY_EXCEEDED'],FLAGGED
BHMBCCTHL01,2016-11-19 15:00:00,2016-11-19 15:04:00,387,388,-1,1.0025839793281655,1.0,True,1,4.0,ALIGNED,CONTINUOUS,0,False,False,False,False,False,True,NEAREST_SOURCE_OBSERVATION,True,BIRMINGHAM,['CAPACITY_EXCEEDED'],FLAGGED
BHMBCCTHL01,2016-11-19 15:30:00,2016-11-19 15:31:00,387,388,-1,1.0025839793281655,1.0,True,1,1.0,ALIGNED,CONTINUOUS,0,False,False,False,False,False,True,NEAREST_SOURCE_OBSERVATION,True,BIRMINGHAM,['CAPACITY_EXCEEDED'],FLAGGED
BHMBCCTHL01,2016-11-19 16:00:00,2016-11-19 16:04:00,387,395,-8,1.020671834625323,1.0,True,1,4.0,ALIGNED,CONTINUOUS,0,False,False,False,False,False,True,NEAREST_SOURCE_OBSERVATION,True,BIRMINGHAM,['CAPACITY_EXCEEDED'],FLAGGED
BHMBCCTHL01,2016-11-19 16:30:00,2016-11-19 16:31:00,387,402,-15,1.0387596899224807,1.0,True,1,1.0,ALIGNED,CONTINUOUS,0,False,False,False,False,False,True,NEAREST_SOURCE_OBSERVATION,True,BIRMINGHAM,['CAPACITY_EXCEEDED'],FLAGGED
BHMBCCTHL01,2016-11-20 12:00:00,2016-11-20 12:01:00,387,402,-15,1.0387596899224807,1.0,True,1,1.0,ALIGNED,CONTINUOUS,0,False,False,False,False,False,True,NEAREST_SOURCE_OBSERVATION,True,BIRMINGHAM,['CAPACITY_EXCEEDED'],FLAGGED
BHMBCCTHL01,2016-11-20 12:30:00,2016-11-20 12:34:00,387,402,-15,1.0387596899224807,1.0,True,1,4.0,ALIGNED,CONTINUOUS,0,False,False,False,False,False,True,NEAREST_SOURCE_OBSERVATION,True,BIRMINGHAM,['CAPACITY_EXCEEDED'],FLAGGED
BHMBCCTHL01,2016-11-20 13:00:00,2016-11-20 13:07:00,387,402,-15,1.0387596899224807,1.0,True,1,7.0,ALIGNED,CONTINUOUS,0,False,False,False,False,False,True,NEAREST_SOURCE_OBSERVATION,True,BIRMINGHAM,['CAPACITY_EXCEEDED'],FLAGGED
BHMBCCTHL01,2016-11-20 13:30:00,2016-11-20 13:27:00,387,402,-15,1.0387596899224807,1.0,True,1,3.0,ALIGNED,CONTINUOUS,0,False,False,False,False,False,True,NEAREST_SOURCE_OBSERVATION,True,BIRMINGHAM,['CAPACITY_EXCEEDED'],FLAGGED
BHMBCCTHL01,2016-11-20 14:00:00,2016-11-20 14:01:00,387,402,-15,1.0387596899224807,1.0,True,1,1.0,ALIGNED,CONTINUOUS,0,False,False,False,False,False,True,NEAREST_SOURCE_OBSERVATION,True,BIRMINGHAM,['CAPACITY_EXCEEDED'],FLAGGED
BHMBCCTHL01,2016-11-20 14:30:00,2016-11-20 14:27:00,387,402,-15,1.0387596899224807,1.0,True,1,3.0,ALIGNED,CONTINUOUS,0,False,False,False,False,False,True,NEAREST_SOURCE_OBSERVATION,True,BIRMINGHAM,['CAPACITY_EXCEEDED'],FLAGGED
BHMBCCTHL01,2016-11-20 15:00:00,2016-11-20 15:01:00,387,402,-15,1.0387596899224807,1.0,True,1,1.0,ALIGNED,CONTINUOUS,0,False,False,False,False,False,True,NEAREST_SOURCE_OBSERVATION,True,BIRMINGHAM,['CAPACITY_EXCEEDED'],FLAGGED
BHMBCCTHL01,2016-11-20 15:30:00,2016-11-20 15:27:00,387,401,-14,1.0361757105943152,1.0,True,1,3.0,ALIGNED,CONTINUOUS,0,False,False,False,False,False,True,NEAREST_SOURCE_OBSERVATION,True,BIRMINGHAM,['CAPACITY_EXCEEDED'],FLAGGED
BHMBCCTHL01,2016-11-20 16:00:00,2016-11-20 16:01:00,387,399,-12,1.0310077519379846,1.0,True,1,1.0,ALIGNED,CONTINUOUS,0,False,False,False,False,False,True,NEAREST_SOURCE_OBSERVATION,True,BIRMINGHAM,['CAPACITY_EXCEEDED'],FLAGGED
BHMBCCTHL01,2016-11-22 11:30:00,2016-11-22 11:31:00,387,390,-3,1.0077519379844961,1.0,True,1,1.0,ALIGNED,CONTINUOUS,0,False,False,False,False,False,True,NEAREST_SOURCE_OBSERVATION,True,BIRMINGHAM,['CAPACITY_EXCEEDED'],FLAGGED
BHMBCCTHL01,2016-11-22 12:00:00,2016-11-22 12:04:00,387,389,-2,1.0051679586563307,1.0,True,1,4.0,ALIGNED,CONTINUOUS,0,False,False,False,False,False,True,NEAREST_SOURCE_OBSERVATION,True,BIRMINGHAM,['CAPACITY_EXCEEDED'],FLAGGED
BHMBCCTHL01,2016-11-22 13:00:00,2016-11-22 12:57:00,387,390,-3,1.0077519379844961,1.0,True,1,3.0,ALIGNED,CONTINUOUS,0,False,False,False,False,False,True,NEAREST_SOURCE_OBSERVATION,True,BIRMINGHAM,['CAPACITY_EXCEEDED'],FLAGGED
BHMBCCTHL01,2016-11-22 13:30:00,2016-11-22 13:31:00,387,388,-1,1.0025839793281655,1.0,True,1,1.0,ALIGNED,CONTINUOUS,0,False,False,False,False,False,True,NEAREST_SOURCE_OBSERVATION,True,BIRMINGHAM,['CAPACITY_EXCEEDED'],FLAGGED
BHMBCCTHL01,2016-11-22 14:00:00,2016-11-22 13:57:00,387,399,-12,1.0310077519379846,1.0,True,1,3.0,ALIGNED,CONTINUOUS,0,False,False,False,False,False,True,NEAREST_SOURCE_OBSERVATION,True,BIRMINGHAM,['CAPACITY_EXCEEDED'],FLAGGED
BHMBCCTHL01,2016-11-22 14:30:00,2016-11-22 14:31:00,387,388,-1,1.0025839793281655,1.0,True,1,1.0,ALIGNED,CONTINUOUS,0,False,False,False,False,False,True,NEAREST_SOURCE_OBSERVATION,True,BIRMINGHAM,['CAPACITY_EXCEEDED'],FLAGGED
BHMBCCTHL01,2016-11-23 10:30:00,2016-11-23 10:31:00,387,398,-11,1.028423772609819,1.0,True,1,1.0,ALIGNED,CONTINUOUS,0,False,False,False,False,False,True,NEAREST_SOURCE_OBSERVATION,True,BIRMINGHAM,['CAPACITY_EXCEEDED'],FLAGGED
BHMBCCTHL01,2016-11-23 11:00:00,2016-11-23 11:04:00,387,395,-8,1.020671834625323,1.0,True,1,4.0,ALIGNED,CONTINUOUS,0,False,False,False,False,False,True,NEAREST_SOURCE_OBSERVATION,True,BIRMINGHAM,['CAPACITY_EXCEEDED'],FLAGGED
BHMBCCTHL01,2016-11-23 11:30:00,2016-11-23 11:31:00,387,396,-9,1.0232558139534884,1.0,True,1,1.0,ALIGNED,CONTINUOUS,0,False,False,False,False,False,True,NEAREST_SOURCE_OBSERVATION,True,BIRMINGHAM,['CAPACITY_EXCEEDED'],FLAGGED
BHMBCCTHL01,2016-11-23 12:00:00,2016-11-23 11:57:00,387,390,-3,1.0077519379844961,1.0,True,1,3.0,ALIGNED,CONTINUOUS,0,False,False,False,False,False,True,NEAREST_SOURCE_OBSERVATION,True,BIRMINGHAM,['CAPACITY_EXCEEDED'],FLAGGED
BHMBCCTHL01,2016-11-23 12:30:00,2016-11-23 12:31:00,387,395,-8,1.020671834625323,1.0,True,1,1.0,ALIGNED,CONTINUOUS,0,False,False,False,False,False,True,NEAREST_SOURCE_OBSERVATION,True,BIRMINGHAM,['CAPACITY_EXCEEDED'],FLAGGED
BHMBCCTHL01,2016-11-23 13:00:00,2016-11-23 13:04:00,387,399,-12,1.0310077519379846,1.0,True,1,4.0,ALIGNED,CONTINUOUS,0,False,False,False,False,False,True,NEAREST_SOURCE_OBSERVATION,True,BIRMINGHAM,['CAPACITY_EXCEEDED'],FLAGGED
BHMBCCTHL01,2016-11-23 13:30:00,2016-11-23 13:31:00,387,402,-15,1.0387596899224807,1.0,True,1,1.0,ALIGNED,CONTINUOUS,0,False,False,False,False,False,True,NEAREST_SOURCE_OBSERVATION,True,BIRMINGHAM,['CAPACITY_EXCEEDED'],FLAGGED
BHMBCCTHL01,2016-11-23 14:00:00,2016-11-23 13:57:00,387,402,-15,1.0387596899224807,1.0,True,1,3.0,ALIGNED,CONTINUOUS,0,False,False,False,False,False,True,NEAREST_SOURCE_OBSERVATION,True,BIRMINGHAM,['CAPACITY_EXCEEDED'],FLAGGED
BHMBCCTHL01,2016-11-23 14:30:00,2016-11-23 14:30:00,387,402,-15,1.0387596899224807,1.0,True,1,0.0,EXACT,CONTINUOUS,0,False,False,False,False,False,True,SOURCE_OBSERVATION,True,BIRMINGHAM,['CAPACITY_EXCEEDED'],FLAGGED
BHMBCCTHL01,2016-11-23 15:00:00,2016-11-23 15:04:00,387,392,-5,1.0129198966408268,1.0,True,1,4.0,ALIGNED,CONTINUOUS,0,False,False,False,False,False,True,NEAREST_SOURCE_OBSERVATION,True,BIRMINGHAM,['CAPACITY_EXCEEDED'],FLAGGED
BHMBCCTHL01,2016-11-24 12:30:00,2016-11-24 12:30:00,387,398,-11,1.028423772609819,1.0,True,1,0.0,EXACT,CONTINUOUS,0,False,False,False,False,False,True,SOURCE_OBSERVATION,True,BIRMINGHAM,['CAPACITY_EXCEEDED'],FLAGGED
BHMBCCTHL01,2016-11-24 13:00:00,2016-11-24 13:04:00,387,400,-13,1.0335917312661498,1.0,True,1,4.0,ALIGNED,CONTINUOUS,0,False,False,False,False,False,True,NEAREST_SOURCE_OBSERVATION,True,BIRMINGHAM,['CAPACITY_EXCEEDED'],FLAGGED
BHMBCCTHL01,2016-11-24 13:30:00,2016-11-24 13:30:00,387,400,-13,1.0335917312661498,1.0,True,1,0.0,EXACT,CONTINUOUS,0,False,False,False,False,False,True,SOURCE_OBSERVATION,True,BIRMINGHAM,['CAPACITY_EXCEEDED'],FLAGGED
BHMBCCTHL01,2016-11-24 14:00:00,2016-11-24 13:57:00,387,397,-10,1.0258397932816536,1.0,True,1,3.0,ALIGNED,CONTINUOUS,0,False,False,False,False,False,True,NEAREST_SOURCE_OBSERVATION,True,BIRMINGHAM,['CAPACITY_EXCEEDED'],FLAGGED
BHMBCCTHL01,2016-11-24 14:30:00,2016-11-24 14:30:00,387,396,-9,1.0232558139534884,1.0,True,1,0.0,EXACT,CONTINUOUS,0,False,False,False,False,False,True,SOURCE_OBSERVATION,True,BIRMINGHAM,['CAPACITY_EXCEEDED'],FLAGGED
BHMBCCTHL01,2016-11-24 15:00:00,2016-11-24 14:57:00,387,389,-2,1.0051679586563307,1.0,True,1,3.0,ALIGNED,CONTINUOUS,0,False,False,False,False,False,True,NEAREST_SOURCE_OBSERVATION,True,BIRMINGHAM,['CAPACITY_EXCEEDED'],FLAGGED
BHMBCCTHL01,2016-11-25 11:30:00,2016-11-25 11:27:00,387,397,-10,1.0258397932816536,1.0,True,1,3.0,ALIGNED,CONTINUOUS,0,False,False,False,False,False,True,NEAREST_SOURCE_OBSERVATION,True,BIRMINGHAM,['CAPACITY_EXCEEDED'],FLAGGED
BHMBCCTHL01,2016-11-25 12:00:00,2016-11-25 12:00:00,387,401,-14,1.0361757105943152,1.0,True,1,0.0,EXACT,CONTINUOUS,0,False,False,False,False,False,True,SOURCE_OBSERVATION,True,BIRMINGHAM,['CAPACITY_EXCEEDED'],FLAGGED
BHMBCCTHL01,2016-11-25 12:30:00,2016-11-25 12:34:00,387,401,-14,1.0361757105943152,1.0,True,1,4.0,ALIGNED,CONTINUOUS,0,False,False,False,False,False,True,NEAREST_SOURCE_OBSERVATION,True,BIRMINGHAM,['CAPACITY_EXCEEDED'],FLAGGED
BHMBCCTHL01,2016-11-25 13:00:00,2016-11-25 13:00:00,387,402,-15,1.0387596899224807,1.0,True,1,0.0,EXACT,CONTINUOUS,0,False,False,False,False,False,True,SOURCE_OBSERVATION,True,BIRMINGHAM,['CAPACITY_EXCEEDED'],FLAGGED
BHMBCCTHL01,2016-11-25 13:30:00,2016-11-25 13:27:00,387,402,-15,1.0387596899224807,1.0,True,1,3.0,ALIGNED,CONTINUOUS,0,False,False,False,False,False,True,NEAREST_SOURCE_OBSERVATION,True,BIRMINGHAM,['CAPACITY_EXCEEDED'],FLAGGED
BHMBCCTHL01,2016-11-25 14:00:00,2016-11-25 14:00:00,387,401,-14,1.0361757105943152,1.0,True,1,0.0,EXACT,CONTINUOUS,0,False,False,False,False,False,True,SOURCE_OBSERVATION,True,BIRMINGHAM,['CAPACITY_EXCEEDED'],FLAGGED
BHMBCCTHL01,2016-11-25 14:30:00,2016-11-25 14:34:00,387,394,-7,1.0180878552971577,1.0,True,1,4.0,ALIGNED,CONTINUOUS,0,False,False,False,False,False,True,NEAREST_SOURCE_OBSERVATION,True,BIRMINGHAM,['CAPACITY_EXCEEDED'],FLAGGED
BHMBCCTHL01,2016-11-25 15:00:00,2016-11-25 15:00:00,387,389,-2,1.0051679586563307,1.0,True,1,0.0,EXACT,CONTINUOUS,0,False,False,False,False,False,True,SOURCE_OBSERVATION,True,BIRMINGHAM,['CAPACITY_EXCEEDED'],FLAGGED
BHMBCCTHL01,2016-11-26 11:00:00,2016-11-26 11:01:00,387,395,-8,1.020671834625323,1.0,True,1,1.0,ALIGNED,CONTINUOUS,0,False,False,False,False,False,True,NEAREST_SOURCE_OBSERVATION,True,BIRMINGHAM,['CAPACITY_EXCEEDED'],FLAGGED
BHMBCCTHL01,2016-11-26 11:30:00,2016-11-26 11:28:00,387,401,-14,1.0361757105943152,1.0,True,1,2.0,ALIGNED,CONTINUOUS,0,False,False,False,False,False,True,NEAREST_SOURCE_OBSERVATION,True,BIRMINGHAM,['CAPACITY_EXCEEDED'],FLAGGED
BHMBCCTHL01,2016-11-26 12:00:00,2016-11-26 12:01:00,387,401,-14,1.0361757105943152,1.0,True,1,1.0,ALIGNED,CONTINUOUS,0,False,False,False,False,False,True,NEAREST_SOURCE_OBSERVATION,True,BIRMINGHAM,['CAPACITY_EXCEEDED'],FLAGGED
BHMBCCTHL01,2016-11-26 12:30:00,2016-11-26 12:28:00,387,401,-14,1.0361757105943152,1.0,True,1,2.0,ALIGNED,CONTINUOUS,0,False,False,False,False,False,True,NEAREST_SOURCE_OBSERVATION,True,BIRMINGHAM,['CAPACITY_EXCEEDED'],FLAGGED
BHMBCCTHL01,2016-11-26 13:00:00,2016-11-26 13:01:00,387,402,-15,1.0387596899224807,1.0,True,1,1.0,ALIGNED,CONTINUOUS,0,False,False,False,False,False,True,NEAREST_SOURCE_OBSERVATION,True,BIRMINGHAM,['CAPACITY_EXCEEDED'],FLAGGED
BHMBCCTHL01,2016-11-26 13:30:00,2016-11-26 13:28:00,387,402,-15,1.0387596899224807,1.0,True,1,2.0,ALIGNED,CONTINUOUS,0,False,False,False,False,False,True,NEAREST_SOURCE_OBSERVATION,True,BIRMINGHAM,['CAPACITY_EXCEEDED'],FLAGGED
BHMBCCTHL01,2016-11-26 14:00:00,2016-11-26 14:01:00,387,402,-15,1.0387596899224807,1.0,True,1,1.0,ALIGNED,CONTINUOUS,0,False,False,False,False,False,True,NEAREST_SOURCE_OBSERVATION,True,BIRMINGHAM,['CAPACITY_EXCEEDED'],FLAGGED
BHMBCCTHL01,2016-11-26 14:30:00,2016-11-26 14:41:00,387,399,-12,1.0310077519379846,1.0,True,1,11.0,ALIGNED,CONTINUOUS,0,False,False,False,False,False,True,NEAREST_SOURCE_OBSERVATION,True,BIRMINGHAM,['CAPACITY_EXCEEDED'],FLAGGED
BHMBCCTHL01,2016-11-26 15:00:00,2016-11-26 15:01:00,387,401,-14,1.0361757105943152,1.0,True,1,1.0,ALIGNED,CONTINUOUS,0,False,False,False,False,False,True,NEAREST_SOURCE_OBSERVATION,True,BIRMINGHAM,['CAPACITY_EXCEEDED'],FLAGGED
BHMBCCTHL01,2016-11-26 15:30:00,2016-11-26 15:28:00,387,398,-11,1.028423772609819,1.0,True,1,2.0,ALIGNED,CONTINUOUS,0,False,False,False,False,False,True,NEAREST_SOURCE_OBSERVATION,True,BIRMINGHAM,['CAPACITY_EXCEEDED'],FLAGGED
BHMBCCTHL01,2016-11-26 16:00:00,2016-11-26 16:01:00,387,402,-15,1.0387596899224807,1.0,True,1,1.0,ALIGNED,CONTINUOUS,0,False,False,False,False,False,True,NEAREST_SOURCE_OBSERVATION,True,BIRMINGHAM,['CAPACITY_EXCEEDED'],FLAGGED
BHMBCCTHL01,2016-11-26 16:30:00,2016-11-26 16:28:00,387,400,-13,1.0335917312661498,1.0,True,1,2.0,ALIGNED,CONTINUOUS,0,False,False,False,False,False,True,NEAREST_SOURCE_OBSERVATION,True,BIRMINGHAM,['CAPACITY_EXCEEDED'],FLAGGED
BHMBCCTHL01,2016-11-27 11:30:00,2016-11-27 11:31:00,387,391,-4,1.0103359173126616,1.0,True,1,1.0,ALIGNED,CONTINUOUS,0,False,False,False,False,False,True,NEAREST_SOURCE_OBSERVATION,True,BIRMINGHAM,['CAPACITY_EXCEEDED'],FLAGGED
BHMBCCTHL01,2016-11-27 12:00:00,2016-11-27 12:01:00,387,402,-15,1.0387596899224807,1.0,True,1,1.0,ALIGNED,CONTINUOUS,0,False,False,False,False,False,True,NEAREST_SOURCE_OBSERVATION,True,BIRMINGHAM,['CAPACITY_EXCEEDED'],FLAGGED
BHMBCCTHL01,2016-11-27 12:30:00,2016-11-27 12:32:00,387,403,-16,1.041343669250646,1.0,True,1,2.0,ALIGNED,CONTINUOUS,0,False,False,False,False,False,True,NEAREST_SOURCE_OBSERVATION,True,BIRMINGHAM,['CAPACITY_EXCEEDED'],FLAGGED
BHMBCCTHL01,2016-11-27 13:00:00,2016-11-27 13:08:00,387,401,-14,1.0361757105943152,1.0,True,1,8.0,ALIGNED,CONTINUOUS,0,False,False,False,False,False,True,NEAREST_SOURCE_OBSERVATION,True,BIRMINGHAM,['CAPACITY_EXCEEDED'],FLAGGED
BHMBCCTHL01,2016-11-27 13:30:00,2016-11-27 13:32:00,387,401,-14,1.0361757105943152,1.0,True,1,2.0,ALIGNED,CONTINUOUS,0,False,False,False,False,False,True,NEAREST_SOURCE_OBSERVATION,True,BIRMINGHAM,['CAPACITY_EXCEEDED'],FLAGGED
BHMBCCTHL01,2016-11-27 14:00:00,2016-11-27 14:02:00,387,402,-15,1.0387596899224807,1.0,True,1,2.0,ALIGNED,CONTINUOUS,0,False,False,False,False,False,True,NEAREST_SOURCE_OBSERVATION,True,BIRMINGHAM,['CAPACITY_EXCEEDED'],FLAGGED
BHMBCCTHL01,2016-11-27 14:30:00,2016-11-27 14:31:00,387,402,-15,1.0387596899224807,1.0,True,1,1.0,ALIGNED,CONTINUOUS,0,False,False,False,False,False,True,NEAREST_SOURCE_OBSERVATION,True,BIRMINGHAM,['CAPACITY_EXCEEDED'],FLAGGED
BHMBCCTHL01,2016-11-27 15:00:00,2016-11-27 15:01:00,387,402,-15,1.0387596899224807,1.0,True,1,1.0,ALIGNED,CONTINUOUS,0,False,False,False,False,False,True,NEAREST_SOURCE_OBSERVATION,True,BIRMINGHAM,['CAPACITY_EXCEEDED'],FLAGGED
BHMBCCTHL01,2016-11-27 15:30:00,2016-11-27 15:32:00,387,402,-15,1.0387596899224807,1.0,True,1,2.0,ALIGNED,CONTINUOUS,0,False,False,False,False,False,True,NEAREST_SOURCE_OBSERVATION,True,BIRMINGHAM,['CAPACITY_EXCEEDED'],FLAGGED
BHMBCCTHL01,2016-11-27 16:00:00,2016-11-27 16:01:00,387,388,-1,1.0025839793281655,1.0,True,1,1.0,ALIGNED,CONTINUOUS,0,False,False,False,False,False,True,NEAREST_SOURCE_OBSERVATION,True,BIRMINGHAM,['CAPACITY_EXCEEDED'],FLAGGED
BHMBCCTHL01,2016-11-27 16:30:00,2016-11-27 16:32:00,387,401,-14,1.0361757105943152,1.0,True,1,2.0,ALIGNED,CONTINUOUS,0,False,False,False,False,False,True,NEAREST_SOURCE_OBSERVATION,True,BIRMINGHAM,['CAPACITY_EXCEEDED'],FLAGGED
BHMBCCTHL01,2016-11-28 12:30:00,2016-11-28 12:28:00,387,393,-6,1.0155038759689923,1.0,True,1,2.0,ALIGNED,CONTINUOUS,0,False,False,False,False,False,True,NEAREST_SOURCE_OBSERVATION,True,BIRMINGHAM,['CAPACITY_EXCEEDED'],FLAGGED
BHMBCCTHL01,2016-11-28 13:00:00,2016-11-28 13:02:00,387,398,-11,1.028423772609819,1.0,True,1,2.0,ALIGNED,CONTINUOUS,0,False,False,False,False,False,True,NEAREST_SOURCE_OBSERVATION,True,BIRMINGHAM,['CAPACITY_EXCEEDED'],FLAGGED
BHMBCCTHL01,2016-11-28 13:30:00,2016-11-28 13:31:00,387,402,-15,1.0387596899224807,1.0,True,1,1.0,ALIGNED,CONTINUOUS,0,False,False,False,False,False,True,NEAREST_SOURCE_OBSERVATION,True,BIRMINGHAM,['CAPACITY_EXCEEDED'],FLAGGED
BHMBCCTHL01,2016-11-28 14:00:00,2016-11-28 14:02:00,387,399,-12,1.0310077519379846,1.0,True,1,2.0,ALIGNED,CONTINUOUS,0,False,False,False,False,False,True,NEAREST_SOURCE_OBSERVATION,True,BIRMINGHAM,['CAPACITY_EXCEEDED'],FLAGGED
BHMBCCTHL01,2016-11-29 11:30:00,2016-11-29 11:28:00,387,395,-8,1.020671834625323,1.0,True,1,2.0,ALIGNED,CONTINUOUS,0,False,False,False,False,False,True,NEAREST_SOURCE_OBSERVATION,True,BIRMINGHAM,['CAPACITY_EXCEEDED'],FLAGGED
BHMBCCTHL01,2016-11-29 12:00:00,2016-11-29 11:55:00,387,395,-8,1.020671834625323,1.0,True,1,5.0,ALIGNED,CONTINUOUS,0,False,False,False,False,False,True,NEAREST_SOURCE_OBSERVATION,True,BIRMINGHAM,['CAPACITY_EXCEEDED'],FLAGGED
BHMBCCTHL01,2016-11-29 12:30:00,2016-11-29 12:28:00,387,397,-10,1.0258397932816536,1.0,True,1,2.0,ALIGNED,CONTINUOUS,0,False,False,False,False,False,True,NEAREST_SOURCE_OBSERVATION,True,BIRMINGHAM,['CAPACITY_EXCEEDED'],FLAGGED
BHMBCCTHL01,2016-11-29 13:00:00,2016-11-29 13:02:00,387,397,-10,1.0258397932816536,1.0,True,1,2.0,ALIGNED,CONTINUOUS,0,False,False,False,False,False,True,NEAREST_SOURCE_OBSERVATION,True,BIRMINGHAM,['CAPACITY_EXCEEDED'],FLAGGED
BHMBCCTHL01,2016-11-29 14:00:00,2016-11-29 14:01:00,387,397,-10,1.0258397932816536,1.0,True,1,1.0,ALIGNED,CONTINUOUS,0,False,False,False,False,False,True,NEAREST_SOURCE_OBSERVATION,True,BIRMINGHAM,['CAPACITY_EXCEEDED'],FLAGGED
BHMBCCTHL01,2016-11-29 14:30:00,2016-11-29 14:28:00,387,402,-15,1.0387596899224807,1.0,True,1,2.0,ALIGNED,CONTINUOUS,0,False,False,False,False,False,True,NEAREST_SOURCE_OBSERVATION,True,BIRMINGHAM,['CAPACITY_EXCEEDED'],FLAGGED
BHMBCCTHL01,2016-11-29 15:00:00,2016-11-29 14:55:00,387,398,-11,1.028423772609819,1.0,True,1,5.0,ALIGNED,CONTINUOUS,0,False,False,False,False,False,True,NEAREST_SOURCE_OBSERVATION,True,BIRMINGHAM,['CAPACITY_EXCEEDED'],FLAGGED
BHMBCCTHL01,2016-11-30 11:30:00,2016-11-30 11:28:00,387,396,-9,1.0232558139534884,1.0,True,1,2.0,ALIGNED,CONTINUOUS,0,False,False,False,False,False,True,NEAREST_SOURCE_OBSERVATION,True,BIRMINGHAM,['CAPACITY_EXCEEDED'],FLAGGED
BHMBCCTHL01,2016-11-30 12:00:00,2016-11-30 12:01:00,387,398,-11,1.028423772609819,1.0,True,1,1.0,ALIGNED,CONTINUOUS,0,False,False,False,False,False,True,NEAREST_SOURCE_OBSERVATION,True,BIRMINGHAM,['CAPACITY_EXCEEDED'],FLAGGED
BHMBCCTHL01,2016-11-30 12:30:00,2016-11-30 12:28:00,387,396,-9,1.0232558139534884,1.0,True,1,2.0,ALIGNED,CONTINUOUS,0,False,False,False,False,False,True,NEAREST_SOURCE_OBSERVATION,True,BIRMINGHAM,['CAPACITY_EXCEEDED'],FLAGGED
BHMBCCTHL01,2016-11-30 13:00:00,2016-11-30 13:01:00,387,393,-6,1.0155038759689923,1.0,True,1,1.0,ALIGNED,CONTINUOUS,0,False,False,False,False,False,True,NEAREST_SOURCE_OBSERVATION,True,BIRMINGHAM,['CAPACITY_EXCEEDED'],FLAGGED
BHMBCCTHL01,2016-11-30 13:30:00,2016-11-30 13:28:00,387,399,-12,1.0310077519379846,1.0,True,1,2.0,ALIGNED,CONTINUOUS,0,False,False,False,False,False,True,NEAREST_SOURCE_OBSERVATION,True,BIRMINGHAM,['CAPACITY_EXCEEDED'],FLAGGED
BHMBCCTHL01,2016-11-30 14:00:00,2016-11-30 14:01:00,387,396,-9,1.0232558139534884,1.0,True,1,1.0,ALIGNED,CONTINUOUS,0,False,False,False,False,False,True,NEAREST_SOURCE_OBSERVATION,True,BIRMINGHAM,['CAPACITY_EXCEEDED'],FLAGGED
BHMBCCTHL01,2016-11-30 14:30:00,2016-11-30 14:28:00,387,393,-6,1.0155038759689923,1.0,True,1,2.0,ALIGNED,CONTINUOUS,0,False,False,False,False,False,True,NEAREST_SOURCE_OBSERVATION,True,BIRMINGHAM,['CAPACITY_EXCEEDED'],FLAGGED
BHMBCCTHL01,2016-11-30 15:00:00,2016-11-30 15:01:00,387,391,-4,1.0103359173126616,1.0,True,1,1.0,ALIGNED,CONTINUOUS,0,False,False,False,False,False,True,NEAREST_SOURCE_OBSERVATION,True,BIRMINGHAM,['CAPACITY_EXCEEDED'],FLAGGED
BHMBCCTHL01,2016-12-01 11:00:00,2016-12-01 10:58:00,387,389,-2,1.0051679586563307,1.0,True,1,2.0,ALIGNED,CONTINUOUS,0,False,False,False,False,False,True,NEAREST_SOURCE_OBSERVATION,True,BIRMINGHAM,['CAPACITY_EXCEEDED'],FLAGGED
BHMBCCTHL01,2016-12-01 11:30:00,2016-12-01 11:32:00,387,398,-11,1.028423772609819,1.0,True,1,2.0,ALIGNED,CONTINUOUS,0,False,False,False,False,False,True,NEAREST_SOURCE_OBSERVATION,True,BIRMINGHAM,['CAPACITY_EXCEEDED'],FLAGGED
BHMBCCTHL01,2016-12-01 12:00:00,2016-12-01 11:58:00,387,397,-10,1.0258397932816536,1.0,True,1,2.0,ALIGNED,CONTINUOUS,0,False,False,False,False,False,True,NEAREST_SOURCE_OBSERVATION,True,BIRMINGHAM,['CAPACITY_EXCEEDED'],FLAGGED
BHMBCCTHL01,2016-12-01 12:30:00,2016-12-01 12:25:00,387,397,-10,1.0258397932816536,1.0,True,1,5.0,ALIGNED,CONTINUOUS,0,False,False,False,False,False,True,NEAREST_SOURCE_OBSERVATION,True,BIRMINGHAM,['CAPACITY_EXCEEDED'],FLAGGED
BHMBCCTHL01,2016-12-01 13:00:00,2016-12-01 12:58:00,387,400,-13,1.0335917312661498,1.0,True,1,2.0,ALIGNED,CONTINUOUS,0,False,False,False,False,False,True,NEAREST_SOURCE_OBSERVATION,True,BIRMINGHAM,['CAPACITY_EXCEEDED'],FLAGGED
BHMBCCTHL01,2016-12-01 13:30:00,2016-12-01 13:25:00,387,402,-15,1.0387596899224807,1.0,True,1,5.0,ALIGNED,CONTINUOUS,0,False,False,False,False,False,True,NEAREST_SOURCE_OBSERVATION,True,BIRMINGHAM,['CAPACITY_EXCEEDED'],FLAGGED
BHMBCCTHL01,2016-12-01 14:00:00,2016-12-01 13:58:00,387,402,-15,1.0387596899224807,1.0,True,1,2.0,ALIGNED,CONTINUOUS,0,False,False,False,False,False,True,NEAREST_SOURCE_OBSERVATION,True,BIRMINGHAM,['CAPACITY_EXCEEDED'],FLAGGED
BHMBCCTHL01,2016-12-01 14:30:00,2016-12-01 14:25:00,387,396,-9,1.0232558139534884,1.0,True,1,5.0,ALIGNED,CONTINUOUS,0,False,False,False,False,False,True,NEAREST_SOURCE_OBSERVATION,True,BIRMINGHAM,['CAPACITY_EXCEEDED'],FLAGGED
BHMBCCTHL01,2016-12-01 15:00:00,2016-12-01 14:58:00,387,393,-6,1.0155038759689923,1.0,True,1,2.0,ALIGNED,CONTINUOUS,0,False,False,False,False,False,True,NEAREST_SOURCE_OBSERVATION,True,BIRMINGHAM,['CAPACITY_EXCEEDED'],FLAGGED
BHMBCCTHL01,2016-12-01 15:30:00,2016-12-01 15:25:00,387,390,-3,1.0077519379844961,1.0,True,1,5.0,ALIGNED,CONTINUOUS,0,False,False,False,False,False,True,NEAREST_SOURCE_OBSERVATION,True,BIRMINGHAM,['CAPACITY_EXCEEDED'],FLAGGED
BHMBCCTHL01,2016-12-02 12:30:00,2016-12-02 12:28:00,387,401,-14,1.0361757105943152,1.0,True,1,2.0,ALIGNED,CONTINUOUS,0,False,False,False,False,False,True,NEAREST_SOURCE_OBSERVATION,True,BIRMINGHAM,['CAPACITY_EXCEEDED'],FLAGGED
BHMBCCTHL01,2016-12-02 13:00:00,2016-12-02 12:58:00,387,402,-15,1.0387596899224807,1.0,True,1,2.0,ALIGNED,CONTINUOUS,0,False,False,False,False,False,True,NEAREST_SOURCE_OBSERVATION,True,BIRMINGHAM,['CAPACITY_EXCEEDED'],FLAGGED
BHMBCCTHL01,2016-12-02 13:30:00,2016-12-02 13:25:00,387,400,-13,1.0335917312661498,1.0,True,1,5.0,ALIGNED,CONTINUOUS,0,False,False,False,False,False,True,NEAREST_SOURCE_OBSERVATION,True,BIRMINGHAM,['CAPACITY_EXCEEDED'],FLAGGED
BHMBCCTHL01,2016-12-02 14:00:00,2016-12-02 13:58:00,387,402,-15,1.0387596899224807,1.0,True,1,2.0,ALIGNED,CONTINUOUS,0,False,False,False,False,False,True,NEAREST_SOURCE_OBSERVATION,True,BIRMINGHAM,['CAPACITY_EXCEEDED'],FLAGGED
BHMBCCTHL01,2016-12-02 14:30:00,2016-12-02 14:25:00,387,397,-10,1.0258397932816536,1.0,True,1,5.0,ALIGNED,CONTINUOUS,0,False,False,False,False,False,True,NEAREST_SOURCE_OBSERVATION,True,BIRMINGHAM,['CAPACITY_EXCEEDED'],FLAGGED
BHMBCCTHL01,2016-12-02 15:00:00,2016-12-02 14:58:00,387,388,-1,1.0025839793281655,1.0,True,1,2.0,ALIGNED,CONTINUOUS,0,False,False,False,False,False,True,NEAREST_SOURCE_OBSERVATION,True,BIRMINGHAM,['CAPACITY_EXCEEDED'],FLAGGED
BHMBCCTHL01,2016-12-05 12:00:00,2016-12-05 11:56:00,387,388,-1,1.0025839793281655,1.0,True,1,4.0,ALIGNED,CONTINUOUS,0,False,False,False,False,False,True,NEAREST_SOURCE_OBSERVATION,True,BIRMINGHAM,['CAPACITY_EXCEEDED'],FLAGGED
BHMBCCTHL01,2016-12-05 12:30:00,2016-12-05 12:29:00,387,389,-2,1.0051679586563307,1.0,True,1,1.0,ALIGNED,CONTINUOUS,0,False,False,False,False,False,True,NEAREST_SOURCE_OBSERVATION,True,BIRMINGHAM,['CAPACITY_EXCEEDED'],FLAGGED
BHMBCCTHL01,2016-12-05 13:00:00,2016-12-05 13:02:00,387,392,-5,1.0129198966408268,1.0,True,1,2.0,ALIGNED,CONTINUOUS,0,False,False,False,False,False,True,NEAREST_SOURCE_OBSERVATION,True,BIRMINGHAM,['CAPACITY_EXCEEDED'],FLAGGED
BHMBCCTHL01,2016-12-05 13:30:00,2016-12-05 13:29:00,387,389,-2,1.0051679586563307,1.0,True,1,1.0,ALIGNED,CONTINUOUS,0,False,False,False,False,False,True,NEAREST_SOURCE_OBSERVATION,True,BIRMINGHAM,['CAPACITY_EXCEEDED'],FLAGGED
BHMBCCTHL01,2016-12-06 11:30:00,2016-12-06 11:29:00,387,389,-2,1.0051679586563307,1.0,True,1,1.0,ALIGNED,CONTINUOUS,0,False,False,False,False,False,True,NEAREST_SOURCE_OBSERVATION,True,BIRMINGHAM,['CAPACITY_EXCEEDED'],FLAGGED
BHMBCCTHL01,2016-12-06 12:00:00,2016-12-06 11:56:00,387,388,-1,1.0025839793281655,1.0,True,1,4.0,ALIGNED,CONTINUOUS,0,False,False,False,False,False,True,NEAREST_SOURCE_OBSERVATION,True,BIRMINGHAM,['CAPACITY_EXCEEDED'],FLAGGED
BHMBCCTHL01,2016-12-06 13:00:00,2016-12-06 12:56:00,387,388,-1,1.0025839793281655,1.0,True,1,4.0,ALIGNED,CONTINUOUS,0,False,False,False,False,False,True,NEAREST_SOURCE_OBSERVATION,True,BIRMINGHAM,['CAPACITY_EXCEEDED'],FLAGGED
BHMBCCTHL01,2016-12-06 13:30:00,2016-12-06 13:29:00,387,390,-3,1.0077519379844961,1.0,True,1,1.0,ALIGNED,CONTINUOUS,0,False,False,False,False,False,True,NEAREST_SOURCE_OBSERVATION,True,BIRMINGHAM,['CAPACITY_EXCEEDED'],FLAGGED
BHMBCCTHL01,2016-12-06 14:00:00,2016-12-06 14:02:00,387,391,-4,1.0103359173126616,1.0,True,1,2.0,ALIGNED,CONTINUOUS,0,False,False,False,False,False,True,NEAREST_SOURCE_OBSERVATION,True,BIRMINGHAM,['CAPACITY_EXCEEDED'],FLAGGED
BHMBCCTHL01,2016-12-07 11:00:00,2016-12-07 10:59:00,387,393,-6,1.0155038759689923,1.0,True,1,1.0,ALIGNED,CONTINUOUS,0,False,False,False,False,False,True,NEAREST_SOURCE_OBSERVATION,True,BIRMINGHAM,['CAPACITY_EXCEEDED'],FLAGGED
BHMBCCTHL01,2016-12-07 11:30:00,2016-12-07 11:25:00,387,392,-5,1.0129198966408268,1.0,True,1,5.0,ALIGNED,CONTINUOUS,0,False,False,False,False,False,True,NEAREST_SOURCE_OBSERVATION,True,BIRMINGHAM,['CAPACITY_EXCEEDED'],FLAGGED
BHMBCCTHL01,2016-12-07 12:00:00,2016-12-07 11:59:00,387,394,-7,1.0180878552971577,1.0,True,1,1.0,ALIGNED,CONTINUOUS,0,False,False,False,False,False,True,NEAREST_SOURCE_OBSERVATION,True,BIRMINGHAM,['CAPACITY_EXCEEDED'],FLAGGED
BHMBCCTHL01,2016-12-07 12:30:00,2016-12-07 12:26:00,387,390,-3,1.0077519379844961,1.0,True,1,4.0,ALIGNED,CONTINUOUS,0,False,False,False,False,False,True,NEAREST_SOURCE_OBSERVATION,True,BIRMINGHAM,['CAPACITY_EXCEEDED'],FLAGGED
BHMBCCTHL01,2016-12-07 13:00:00,2016-12-07 12:59:00,387,397,-10,1.0258397932816536,1.0,True,1,1.0,ALIGNED,CONTINUOUS,0,False,False,False,False,False,True,NEAREST_SOURCE_OBSERVATION,True,BIRMINGHAM,['CAPACITY_EXCEEDED'],FLAGGED
BHMBCCTHL01,2016-12-07 13:30:00,2016-12-07 13:26:00,387,400,-13,1.0335917312661498,1.0,True,1,4.0,ALIGNED,CONTINUOUS,0,False,False,False,False,False,True,NEAREST_SOURCE_OBSERVATION,True,BIRMINGHAM,['CAPACITY_EXCEEDED'],FLAGGED
BHMBCCTHL01,2016-12-07 14:00:00,2016-12-07 13:59:00,387,396,-9,1.0232558139534884,1.0,True,1,1.0,ALIGNED,CONTINUOUS,0,False,False,False,False,False,True,NEAREST_SOURCE_OBSERVATION,True,BIRMINGHAM,['CAPACITY_EXCEEDED'],FLAGGED
BHMBCCTHL01,2016-12-07 14:30:00,2016-12-07 14:26:00,387,397,-10,1.0258397932816536,1.0,True,1,4.0,ALIGNED,CONTINUOUS,0,False,False,False,False,False,True,NEAREST_SOURCE_OBSERVATION,True,BIRMINGHAM,['CAPACITY_EXCEEDED'],FLAGGED
BHMBCCTHL01,2016-12-07 15:00:00,2016-12-07 14:59:00,387,399,-12,1.0310077519379846,1.0,True,1,1.0,ALIGNED,CONTINUOUS,0,False,False,False,False,False,True,NEAREST_SOURCE_OBSERVATION,True,BIRMINGHAM,['CAPACITY_EXCEEDED'],FLAGGED
BHMBCCTHL01,2016-12-08 11:30:00,2016-12-08 11:32:00,387,393,-6,1.0155038759689923,1.0,True,1,2.0,ALIGNED,CONTINUOUS,0,False,False,False,False,False,True,NEAREST_SOURCE_OBSERVATION,True,BIRMINGHAM,['CAPACITY_EXCEEDED'],FLAGGED
BHMBCCTHL01,2016-12-08 12:00:00,2016-12-08 11:59:00,387,392,-5,1.0129198966408268,1.0,True,1,1.0,ALIGNED,CONTINUOUS,0,False,False,False,False,False,True,NEAREST_SOURCE_OBSERVATION,True,BIRMINGHAM,['CAPACITY_EXCEEDED'],FLAGGED
BHMBCCTHL01,2016-12-08 12:30:00,2016-12-08 12:25:00,387,390,-3,1.0077519379844961,1.0,True,1,5.0,ALIGNED,CONTINUOUS,0,False,False,False,False,False,True,NEAREST_SOURCE_OBSERVATION,True,BIRMINGHAM,['CAPACITY_EXCEEDED'],FLAGGED
BHMBCCTHL01,2016-12-08 13:00:00,2016-12-08 12:59:00,387,396,-9,1.0232558139534884,1.0,True,1,1.0,ALIGNED,CONTINUOUS,0,False,False,False,False,False,True,NEAREST_SOURCE_OBSERVATION,True,BIRMINGHAM,['CAPACITY_EXCEEDED'],FLAGGED
BHMBCCTHL01,2016-12-08 13:30:00,2016-12-08 13:25:00,387,398,-11,1.028423772609819,1.0,True,1,5.0,ALIGNED,CONTINUOUS,0,False,False,False,False,False,True,NEAREST_SOURCE_OBSERVATION,True,BIRMINGHAM,['CAPACITY_EXCEEDED'],FLAGGED
BHMBCCTHL01,2016-12-08 14:00:00,2016-12-08 13:59:00,387,398,-11,1.028423772609819,1.0,True,1,1.0,ALIGNED,CONTINUOUS,0,False,False,False,False,False,True,NEAREST_SOURCE_OBSERVATION,True,BIRMINGHAM,['CAPACITY_EXCEEDED'],FLAGGED
BHMBCCTHL01,2016-12-08 14:30:00,2016-12-08 14:26:00,387,401,-14,1.0361757105943152,1.0,True,1,4.0,ALIGNED,CONTINUOUS,0,False,False,False,False,False,True,NEAREST_SOURCE_OBSERVATION,True,BIRMINGHAM,['CAPACITY_EXCEEDED'],FLAGGED
BHMBCCTHL01,2016-12-08 15:00:00,2016-12-08 14:59:00,387,397,-10,1.0258397932816536,1.0,True,1,1.0,ALIGNED,CONTINUOUS,0,False,False,False,False,False,True,NEAREST_SOURCE_OBSERVATION,True,BIRMINGHAM,['CAPACITY_EXCEEDED'],FLAGGED
BHMBCCTHL01,2016-12-08 15:30:00,2016-12-08 15:26:00,387,396,-9,1.0232558139534884,1.0,True,1,4.0,ALIGNED,CONTINUOUS,0,False,False,False,False,False,True,NEAREST_SOURCE_OBSERVATION,True,BIRMINGHAM,['CAPACITY_EXCEEDED'],FLAGGED
BHMBCCTHL01,2016-12-09 11:30:00,2016-12-09 11:29:00,387,390,-3,1.0077519379844961,1.0,True,1,1.0,ALIGNED,CONTINUOUS,0,False,False,False,False,False,True,NEAREST_SOURCE_OBSERVATION,True,BIRMINGHAM,['CAPACITY_EXCEEDED'],FLAGGED
BHMBCCTHL01,2016-12-09 12:00:00,2016-12-09 11:56:00,387,399,-12,1.0310077519379846,1.0,True,1,4.0,ALIGNED,CONTINUOUS,0,False,False,False,False,False,True,NEAREST_SOURCE_OBSERVATION,True,BIRMINGHAM,['CAPACITY_EXCEEDED'],FLAGGED
BHMBCCTHL01,2016-12-09 12:30:00,2016-12-09 12:29:00,387,399,-12,1.0310077519379846,1.0,True,1,1.0,ALIGNED,CONTINUOUS,0,False,False,False,False,False,True,NEAREST_SOURCE_OBSERVATION,True,BIRMINGHAM,['CAPACITY_EXCEEDED'],FLAGGED
BHMBCCTHL01,2016-12-09 13:00:00,2016-12-09 13:02:00,387,402,-15,1.0387596899224807,1.0,True,1,2.0,ALIGNED,CONTINUOUS,0,False,False,False,False,False,True,NEAREST_SOURCE_OBSERVATION,True,BIRMINGHAM,['CAPACITY_EXCEEDED'],FLAGGED
BHMBCCTHL01,2016-12-09 13:30:00,2016-12-09 13:29:00,387,402,-15,1.0387596899224807,1.0,True,1,1.0,ALIGNED,CONTINUOUS,0,False,False,False,False,False,True,NEAREST_SOURCE_OBSERVATION,True,BIRMINGHAM,['CAPACITY_EXCEEDED'],FLAGGED
BHMBCCTHL01,2016-12-09 14:00:00,2016-12-09 14:02:00,387,401,-14,1.0361757105943152,1.0,True,1,2.0,ALIGNED,CONTINUOUS,0,False,False,False,False,False,True,NEAREST_SOURCE_OBSERVATION,True,BIRMINGHAM,['CAPACITY_EXCEEDED'],FLAGGED
BHMBCCTHL01,2016-12-09 14:30:00,2016-12-09 14:29:00,387,400,-13,1.0335917312661498,1.0,True,1,1.0,ALIGNED,CONTINUOUS,0,False,False,False,False,False,True,NEAREST_SOURCE_OBSERVATION,True,BIRMINGHAM,['CAPACITY_EXCEEDED'],FLAGGED
BHMBCCTHL01,2016-12-09 15:00:00,2016-12-09 14:56:00,387,397,-10,1.0258397932816536,1.0,True,1,4.0,ALIGNED,CONTINUOUS,0,False,False,False,False,False,True,NEAREST_SOURCE_OBSERVATION,True,BIRMINGHAM,['CAPACITY_EXCEEDED'],FLAGGED
BHMBCCTHL01,2016-12-10 11:00:00,2016-12-10 11:02:00,387,390,-3,1.0077519379844961,1.0,True,1,2.0,ALIGNED,CONTINUOUS,0,False,False,False,False,False,True,NEAREST_SOURCE_OBSERVATION,True,BIRMINGHAM,['CAPACITY_EXCEEDED'],FLAGGED
BHMBCCTHL01,2016-12-10 11:30:00,2016-12-10 11:29:00,387,398,-11,1.028423772609819,1.0,True,1,1.0,ALIGNED,CONTINUOUS,0,False,False,False,False,False,True,NEAREST_SOURCE_OBSERVATION,True,BIRMINGHAM,['CAPACITY_EXCEEDED'],FLAGGED
BHMBCCTHL01,2016-12-10 12:00:00,2016-12-10 12:02:00,387,403,-16,1.041343669250646,1.0,True,1,2.0,ALIGNED,CONTINUOUS,0,False,False,False,False,False,True,NEAREST_SOURCE_OBSERVATION,True,BIRMINGHAM,['CAPACITY_EXCEEDED'],FLAGGED
BHMBCCTHL01,2016-12-10 12:30:00,2016-12-10 12:29:00,387,402,-15,1.0387596899224807,1.0,True,1,1.0,ALIGNED,CONTINUOUS,0,False,False,False,False,False,True,NEAREST_SOURCE_OBSERVATION,True,BIRMINGHAM,['CAPACITY_EXCEEDED'],FLAGGED
BHMBCCTHL01,2016-12-10 13:00:00,2016-12-10 12:55:00,387,403,-16,1.041343669250646,1.0,True,1,5.0,ALIGNED,CONTINUOUS,0,False,False,False,False,False,True,NEAREST_SOURCE_OBSERVATION,True,BIRMINGHAM,['CAPACITY_EXCEEDED'],FLAGGED
BHMBCCTHL01,2016-12-10 13:30:00,2016-12-10 13:29:00,387,402,-15,1.0387596899224807,1.0,True,1,1.0,ALIGNED,CONTINUOUS,0,False,False,False,False,False,True,NEAREST_SOURCE_OBSERVATION,True,BIRMINGHAM,['CAPACITY_EXCEEDED'],FLAGGED
BHMBCCTHL01,2016-12-10 14:00:00,2016-12-10 13:56:00,387,402,-15,1.0387596899224807,1.0,True,1,4.0,ALIGNED,CONTINUOUS,0,False,False,False,False,False,True,NEAREST_SOURCE_OBSERVATION,True,BIRMINGHAM,['CAPACITY_EXCEEDED'],FLAGGED
BHMBCCTHL01,2016-12-10 14:30:00,2016-12-10 14:25:00,387,401,-14,1.0361757105943152,1.0,True,1,5.0,ALIGNED,CONTINUOUS,0,False,False,False,False,False,True,NEAREST_SOURCE_OBSERVATION,True,BIRMINGHAM,['CAPACITY_EXCEEDED'],FLAGGED
BHMBCCTHL01,2016-12-10 15:00:00,2016-12-10 15:02:00,387,402,-15,1.0387596899224807,1.0,True,1,2.0,ALIGNED,CONTINUOUS,0,False,False,False,False,False,True,NEAREST_SOURCE_OBSERVATION,True,BIRMINGHAM,['CAPACITY_EXCEEDED'],FLAGGED
BHMBCCTHL01,2016-12-10 15:30:00,2016-12-10 15:25:00,387,401,-14,1.0361757105943152,1.0,True,1,5.0,ALIGNED,CONTINUOUS,0,False,False,False,False,False,True,NEAREST_SOURCE_OBSERVATION,True,BIRMINGHAM,['CAPACITY_EXCEEDED'],FLAGGED
BHMBCCTHL01,2016-12-10 16:00:00,2016-12-10 15:59:00,387,401,-14,1.0361757105943152,1.0,True,1,1.0,ALIGNED,CONTINUOUS,0,False,False,False,False,False,True,NEAREST_SOURCE_OBSERVATION,True,BIRMINGHAM,['CAPACITY_EXCEEDED'],FLAGGED
BHMBCCTHL01,2016-12-10 16:30:00,2016-12-10 16:25:00,387,403,-16,1.041343669250646,1.0,True,1,5.0,ALIGNED,CONTINUOUS,0,False,False,False,False,False,True,NEAREST_SOURCE_OBSERVATION,True,BIRMINGHAM,['CAPACITY_EXCEEDED'],FLAGGED
BHMBCCTHL01,2016-12-11 11:30:00,2016-12-11 11:26:00,387,402,-15,1.0387596899224807,1.0,True,1,4.0,ALIGNED,CONTINUOUS,0,False,False,False,False,False,True,NEAREST_SOURCE_OBSERVATION,True,BIRMINGHAM,['CAPACITY_EXCEEDED'],FLAGGED
BHMBCCTHL01,2016-12-11 12:00:00,2016-12-11 11:59:00,387,402,-15,1.0387596899224807,1.0,True,1,1.0,ALIGNED,CONTINUOUS,0,False,False,False,False,False,True,NEAREST_SOURCE_OBSERVATION,True,BIRMINGHAM,['CAPACITY_EXCEEDED'],FLAGGED
BHMBCCTHL01,2016-12-11 12:30:00,2016-12-11 12:32:00,387,403,-16,1.041343669250646,1.0,True,1,2.0,ALIGNED,CONTINUOUS,0,False,False,False,False,False,True,NEAREST_SOURCE_OBSERVATION,True,BIRMINGHAM,['CAPACITY_EXCEEDED'],FLAGGED
BHMBCCTHL01,2016-12-11 13:00:00,2016-12-11 13:05:00,387,402,-15,1.0387596899224807,1.0,True,1,5.0,ALIGNED,CONTINUOUS,0,False,False,False,False,False,True,NEAREST_SOURCE_OBSERVATION,True,BIRMINGHAM,['CAPACITY_EXCEEDED'],FLAGGED
BHMBCCTHL01,2016-12-11 13:30:00,2016-12-11 13:26:00,387,401,-14,1.0361757105943152,1.0,True,1,4.0,ALIGNED,CONTINUOUS,0,False,False,False,False,False,True,NEAREST_SOURCE_OBSERVATION,True,BIRMINGHAM,['CAPACITY_EXCEEDED'],FLAGGED
BHMBCCTHL01,2016-12-11 14:00:00,2016-12-11 13:59:00,387,403,-16,1.041343669250646,1.0,True,1,1.0,ALIGNED,CONTINUOUS,0,False,False,False,False,False,True,NEAREST_SOURCE_OBSERVATION,True,BIRMINGHAM,['CAPACITY_EXCEEDED'],FLAGGED
BHMBCCTHL01,2016-12-11 14:30:00,2016-12-11 14:32:00,387,402,-15,1.0387596899224807,1.0,True,1,2.0,ALIGNED,CONTINUOUS,0,False,False,False,False,False,True,NEAREST_SOURCE_OBSERVATION,True,BIRMINGHAM,['CAPACITY_EXCEEDED'],FLAGGED
BHMBCCTHL01,2016-12-11 15:00:00,2016-12-11 14:59:00,387,403,-16,1.041343669250646,1.0,True,1,1.0,ALIGNED,CONTINUOUS,0,False,False,False,False,False,True,NEAREST_SOURCE_OBSERVATION,True,BIRMINGHAM,['CAPACITY_EXCEEDED'],FLAGGED
BHMBCCTHL01,2016-12-11 15:30:00,2016-12-11 15:25:00,387,402,-15,1.0387596899224807,1.0,True,1,5.0,ALIGNED,CONTINUOUS,0,False,False,False,False,False,True,NEAREST_SOURCE_OBSERVATION,True,BIRMINGHAM,['CAPACITY_EXCEEDED'],FLAGGED
BHMBCCTHL01,2016-12-11 16:00:00,2016-12-11 15:59:00,387,396,-9,1.0232558139534884,1.0,True,1,1.0,ALIGNED,CONTINUOUS,0,False,False,False,False,False,True,NEAREST_SOURCE_OBSERVATION,True,BIRMINGHAM,['CAPACITY_EXCEEDED'],FLAGGED
BHMBCCTHL01,2016-12-11 16:30:00,2016-12-11 16:25:00,387,401,-14,1.0361757105943152,1.0,True,1,5.0,ALIGNED,CONTINUOUS,0,False,False,False,False,False,True,NEAREST_SOURCE_OBSERVATION,True,BIRMINGHAM,['CAPACITY_EXCEEDED'],FLAGGED
BHMBCCTHL01,2016-12-12 11:30:00,2016-12-12 11:29:00,387,389,-2,1.0051679586563307,1.0,True,1,1.0,ALIGNED,CONTINUOUS,0,False,False,False,False,False,True,NEAREST_SOURCE_OBSERVATION,True,BIRMINGHAM,['CAPACITY_EXCEEDED'],FLAGGED
BHMBCCTHL01,2016-12-12 12:00:00,2016-12-12 11:55:00,387,395,-8,1.020671834625323,1.0,True,1,5.0,ALIGNED,CONTINUOUS,0,False,False,False,False,False,True,NEAREST_SOURCE_OBSERVATION,True,BIRMINGHAM,['CAPACITY_EXCEEDED'],FLAGGED
BHMBCCTHL01,2016-12-12 12:30:00,2016-12-12 12:29:00,387,395,-8,1.020671834625323,1.0,True,1,1.0,ALIGNED,CONTINUOUS,0,False,False,False,False,False,True,NEAREST_SOURCE_OBSERVATION,True,BIRMINGHAM,['CAPACITY_EXCEEDED'],FLAGGED
BHMBCCTHL01,2016-12-12 13:00:00,2016-12-12 12:56:00,387,397,-10,1.0258397932816536,1.0,True,1,4.0,ALIGNED,CONTINUOUS,0,False,False,False,False,False,True,NEAREST_SOURCE_OBSERVATION,True,BIRMINGHAM,['CAPACITY_EXCEEDED'],FLAGGED
BHMBCCTHL01,2016-12-12 13:30:00,2016-12-12 13:29:00,387,398,-11,1.028423772609819,1.0,True,1,1.0,ALIGNED,CONTINUOUS,0,False,False,False,False,False,True,NEAREST_SOURCE_OBSERVATION,True,BIRMINGHAM,['CAPACITY_EXCEEDED'],FLAGGED
BHMBCCTHL01,2016-12-12 14:00:00,2016-12-12 14:02:00,387,394,-7,1.0180878552971577,1.0,True,1,2.0,ALIGNED,CONTINUOUS,0,False,False,False,False,False,True,NEAREST_SOURCE_OBSERVATION,True,BIRMINGHAM,['CAPACITY_EXCEEDED'],FLAGGED
BHMBCCTHL01,2016-12-12 14:30:00,2016-12-12 14:29:00,387,402,-15,1.0387596899224807,1.0,True,1,1.0,ALIGNED,CONTINUOUS,0,False,False,False,False,False,True,NEAREST_SOURCE_OBSERVATION,True,BIRMINGHAM,['CAPACITY_EXCEEDED'],FLAGGED
BHMBCCTHL01,2016-12-12 15:00:00,2016-12-12 14:55:00,387,394,-7,1.0180878552971577,1.0,True,1,5.0,ALIGNED,CONTINUOUS,0,False,False,False,False,False,True,NEAREST_SOURCE_OBSERVATION,True,BIRMINGHAM,['CAPACITY_EXCEEDED'],FLAGGED
BHMBCCTHL01,2016-12-12 15:30:00,2016-12-12 15:29:00,387,393,-6,1.0155038759689923,1.0,True,1,1.0,ALIGNED,CONTINUOUS,0,False,False,False,False,False,True,NEAREST_SOURCE_OBSERVATION,True,BIRMINGHAM,['CAPACITY_EXCEEDED'],FLAGGED
BHMBCCTHL01,2016-12-13 11:30:00,2016-12-13 11:29:00,387,392,-5,1.0129198966408268,1.0,True,1,1.0,ALIGNED,CONTINUOUS,0,False,False,False,False,False,True,NEAREST_SOURCE_OBSERVATION,True,BIRMINGHAM,['CAPACITY_EXCEEDED'],FLAGGED
BHMBCCTHL01,2016-12-13 12:30:00,2016-12-13 12:29:00,387,401,-14,1.0361757105943152,1.0,True,1,1.0,ALIGNED,CONTINUOUS,0,False,False,False,False,False,True,NEAREST_SOURCE_OBSERVATION,True,BIRMINGHAM,['CAPACITY_EXCEEDED'],FLAGGED
BHMBCCTHL01,2016-12-13 13:00:00,2016-12-13 13:02:00,387,402,-15,1.0387596899224807,1.0,True,1,2.0,ALIGNED,CONTINUOUS,0,False,False,False,False,False,True,NEAREST_SOURCE_OBSERVATION,True,BIRMINGHAM,['CAPACITY_EXCEEDED'],FLAGGED
BHMBCCTHL01,2016-12-13 14:00:00,2016-12-13 13:55:00,387,398,-11,1.028423772609819,1.0,True,1,5.0,ALIGNED,MISSING,0,False,False,False,False,False,True,NEAREST_SOURCE_OBSERVATION,True,BIRMINGHAM,['CAPACITY_EXCEEDED'],FLAGGED
BHMBCCTHL01,2016-12-14 10:30:00,2016-12-14 10:30:00,387,390,-3,1.0077519379844961,1.0,True,1,0.0,EXACT,CONTINUOUS,0,False,False,False,False,False,True,SOURCE_OBSERVATION,True,BIRMINGHAM,['CAPACITY_EXCEEDED'],FLAGGED
BHMBCCTHL01,2016-12-14 11:30:00,2016-12-14 11:30:00,387,393,-6,1.0155038759689923,1.0,True,1,0.0,EXACT,MISSING,0,False,False,False,False,False,True,SOURCE_OBSERVATION,True,BIRMINGHAM,['CAPACITY_EXCEEDED'],FLAGGED
BHMBCCTHL01,2016-12-14 12:00:00,2016-12-14 12:02:00,387,397,-10,1.0258397932816536,1.0,True,1,2.0,ALIGNED,CONTINUOUS,0,False,False,False,False,False,True,NEAREST_SOURCE_OBSERVATION,True,BIRMINGHAM,['CAPACITY_EXCEEDED'],FLAGGED
BHMBCCTHL01,2016-12-14 12:30:00,2016-12-14 12:30:00,387,395,-8,1.020671834625323,1.0,True,1,0.0,EXACT,CONTINUOUS,0,False,False,False,False,False,True,SOURCE_OBSERVATION,True,BIRMINGHAM,['CAPACITY_EXCEEDED'],FLAGGED
BHMBCCTHL01,2016-12-14 13:00:00,2016-12-14 13:03:00,387,397,-10,1.0258397932816536,1.0,True,1,3.0,ALIGNED,CONTINUOUS,0,False,False,False,False,False,True,NEAREST_SOURCE_OBSERVATION,True,BIRMINGHAM,['CAPACITY_EXCEEDED'],FLAGGED
BHMBCCTHL01,2016-12-14 13:30:00,2016-12-14 13:29:00,387,395,-8,1.020671834625323,1.0,True,1,1.0,ALIGNED,CONTINUOUS,0,False,False,False,False,False,True,NEAREST_SOURCE_OBSERVATION,True,BIRMINGHAM,['CAPACITY_EXCEEDED'],FLAGGED
BHMBCCTHL01,2016-12-14 14:00:00,2016-12-14 14:03:00,387,402,-15,1.0387596899224807,1.0,True,1,3.0,ALIGNED,CONTINUOUS,0,False,False,False,False,False,True,NEAREST_SOURCE_OBSERVATION,True,BIRMINGHAM,['CAPACITY_EXCEEDED'],FLAGGED
BHMBCCTHL01,2016-12-14 14:30:00,2016-12-14 14:30:00,387,394,-7,1.0180878552971577,1.0,True,1,0.0,EXACT,CONTINUOUS,0,False,False,False,False,False,True,SOURCE_OBSERVATION,True,BIRMINGHAM,['CAPACITY_EXCEEDED'],FLAGGED
BHMBCCTHL01,2016-12-14 15:00:00,2016-12-14 14:56:00,387,394,-7,1.0180878552971577,1.0,True,1,4.0,ALIGNED,CONTINUOUS,0,False,False,False,False,False,True,NEAREST_SOURCE_OBSERVATION,True,BIRMINGHAM,['CAPACITY_EXCEEDED'],FLAGGED
BHMBCCTHL01,2016-12-14 15:30:00,2016-12-14 15:30:00,387,391,-4,1.0103359173126616,1.0,True,1,0.0,EXACT,CONTINUOUS,0,False,False,False,False,False,True,SOURCE_OBSERVATION,True,BIRMINGHAM,['CAPACITY_EXCEEDED'],FLAGGED
BHMBCCTHL01,2016-12-15 12:00:00,2016-12-15 12:00:00,387,399,-12,1.0310077519379846,1.0,True,1,0.0,EXACT,CONTINUOUS,0,False,False,False,False,False,True,SOURCE_OBSERVATION,True,BIRMINGHAM,['CAPACITY_EXCEEDED'],FLAGGED
BHMBCCTHL01,2016-12-15 12:30:00,2016-12-15 12:26:00,387,400,-13,1.0335917312661498,1.0,True,1,4.0,ALIGNED,CONTINUOUS,0,False,False,False,False,False,True,NEAREST_SOURCE_OBSERVATION,True,BIRMINGHAM,['CAPACITY_EXCEEDED'],FLAGGED
BHMBCCTHL01,2016-12-15 13:00:00,2016-12-15 13:00:00,387,401,-14,1.0361757105943152,1.0,True,1,0.0,EXACT,CONTINUOUS,0,False,False,False,False,False,True,SOURCE_OBSERVATION,True,BIRMINGHAM,['CAPACITY_EXCEEDED'],FLAGGED
BHMBCCTHL01,2016-12-15 13:30:00,2016-12-15 13:26:00,387,402,-15,1.0387596899224807,1.0,True,1,4.0,ALIGNED,CONTINUOUS,0,False,False,False,False,False,True,NEAREST_SOURCE_OBSERVATION,True,BIRMINGHAM,['CAPACITY_EXCEEDED'],FLAGGED
BHMBCCTHL01,2016-12-15 14:00:00,2016-12-15 14:00:00,387,403,-16,1.041343669250646,1.0,True,1,0.0,EXACT,CONTINUOUS,0,False,False,False,False,False,True,SOURCE_OBSERVATION,True,BIRMINGHAM,['CAPACITY_EXCEEDED'],FLAGGED
BHMBCCTHL01,2016-12-15 14:30:00,2016-12-15 14:26:00,387,402,-15,1.0387596899224807,1.0,True,1,4.0,ALIGNED,CONTINUOUS,0,False,False,False,False,False,True,NEAREST_SOURCE_OBSERVATION,True,BIRMINGHAM,['CAPACITY_EXCEEDED'],FLAGGED
BHMBCCTHL01,2016-12-15 15:00:00,2016-12-15 15:00:00,387,399,-12,1.0310077519379846,1.0,True,1,0.0,EXACT,CONTINUOUS,0,False,False,False,False,False,True,SOURCE_OBSERVATION,True,BIRMINGHAM,['CAPACITY_EXCEEDED'],FLAGGED
BHMBCCTHL01,2016-12-15 15:30:00,2016-12-15 15:26:00,387,391,-4,1.0103359173126616,1.0,True,1,4.0,ALIGNED,CONTINUOUS,0,False,False,False,False,False,True,NEAREST_SOURCE_OBSERVATION,True,BIRMINGHAM,['CAPACITY_EXCEEDED'],FLAGGED
BHMBCCTHL01,2016-12-16 12:00:00,2016-12-16 11:56:00,387,388,-1,1.0025839793281655,1.0,True,1,4.0,ALIGNED,CONTINUOUS,0,False,False,False,False,False,True,NEAREST_SOURCE_OBSERVATION,True,BIRMINGHAM,['CAPACITY_EXCEEDED'],FLAGGED
BHMBCCTHL01,2016-12-16 12:30:00,2016-12-16 12:30:00,387,402,-15,1.0387596899224807,1.0,True,1,0.0,EXACT,CONTINUOUS,0,False,False,False,False,False,True,SOURCE_OBSERVATION,True,BIRMINGHAM,['CAPACITY_EXCEEDED'],FLAGGED
BHMBCCTHL01,2016-12-16 13:00:00,2016-12-16 12:56:00,387,403,-16,1.041343669250646,1.0,True,1,4.0,ALIGNED,CONTINUOUS,0,False,False,False,False,False,True,NEAREST_SOURCE_OBSERVATION,True,BIRMINGHAM,['CAPACITY_EXCEEDED'],FLAGGED
BHMBCCTHL01,2016-12-16 13:30:00,2016-12-16 13:30:00,387,402,-15,1.0387596899224807,1.0,True,1,0.0,EXACT,CONTINUOUS,0,False,False,False,False,False,True,SOURCE_OBSERVATION,True,BIRMINGHAM,['CAPACITY_EXCEEDED'],FLAGGED
BHMBCCTHL01,2016-12-16 14:00:00,2016-12-16 13:56:00,387,402,-15,1.0387596899224807,1.0,True,1,4.0,ALIGNED,CONTINUOUS,0,False,False,False,False,False,True,NEAREST_SOURCE_OBSERVATION,True,BIRMINGHAM,['CAPACITY_EXCEEDED'],FLAGGED
BHMBCCTHL01,2016-12-16 14:30:00,2016-12-16 14:30:00,387,395,-8,1.020671834625323,1.0,True,1,0.0,EXACT,CONTINUOUS,0,False,False,False,False,False,True,SOURCE_OBSERVATION,True,BIRMINGHAM,['CAPACITY_EXCEEDED'],FLAGGED
BHMBCCTHL01,2016-12-16 15:00:00,2016-12-16 14:56:00,387,396,-9,1.0232558139534884,1.0,True,1,4.0,ALIGNED,CONTINUOUS,0,False,False,False,False,False,True,NEAREST_SOURCE_OBSERVATION,True,BIRMINGHAM,['CAPACITY_EXCEEDED'],FLAGGED
BHMBCCTHL01,2016-12-16 16:00:00,2016-12-16 16:03:00,387,389,-2,1.0051679586563307,1.0,True,1,3.0,ALIGNED,CONTINUOUS,0,False,False,False,False,False,True,NEAREST_SOURCE_OBSERVATION,True,BIRMINGHAM,['CAPACITY_EXCEEDED'],FLAGGED
BHMBCCTHL01,2016-12-17 13:00:00,2016-12-17 13:00:00,387,397,-10,1.0258397932816536,1.0,True,1,0.0,EXACT,CONTINUOUS,0,False,False,False,False,False,True,SOURCE_OBSERVATION,True,BIRMINGHAM,['CAPACITY_EXCEEDED'],FLAGGED
BHMBCCTHL01,2016-12-17 13:30:00,2016-12-17 13:27:00,387,402,-15,1.0387596899224807,1.0,True,1,3.0,ALIGNED,CONTINUOUS,0,False,False,False,False,False,True,NEAREST_SOURCE_OBSERVATION,True,BIRMINGHAM,['CAPACITY_EXCEEDED'],FLAGGED
BHMBCCTHL01,2016-12-17 14:00:00,2016-12-17 14:00:00,387,402,-15,1.0387596899224807,1.0,True,1,0.0,EXACT,CONTINUOUS,0,False,False,False,False,False,True,SOURCE_OBSERVATION,True,BIRMINGHAM,['CAPACITY_EXCEEDED'],FLAGGED
BHMBCCTHL01,2016-12-17 14:30:00,2016-12-17 14:30:00,387,402,-15,1.0387596899224807,1.0,True,1,0.0,EXACT,CONTINUOUS,0,False,False,False,False,False,True,SOURCE_OBSERVATION,True,BIRMINGHAM,['CAPACITY_EXCEEDED'],FLAGGED
BHMBCCTHL01,2016-12-17 15:00:00,2016-12-17 15:03:00,387,403,-16,1.041343669250646,1.0,True,1,3.0,ALIGNED,CONTINUOUS,0,False,False,False,False,False,True,NEAREST_SOURCE_OBSERVATION,True,BIRMINGHAM,['CAPACITY_EXCEEDED'],FLAGGED
BHMBCCTHL01,2016-12-17 15:30:00,2016-12-17 15:30:00,387,400,-13,1.0335917312661498,1.0,True,1,0.0,EXACT,CONTINUOUS,0,False,False,False,False,False,True,SOURCE_OBSERVATION,True,BIRMINGHAM,['CAPACITY_EXCEEDED'],FLAGGED
BHMBCCTHL01,2016-12-17 16:00:00,2016-12-17 15:57:00,387,402,-15,1.0387596899224807,1.0,True,1,3.0,ALIGNED,CONTINUOUS,0,False,False,False,False,False,True,NEAREST_SOURCE_OBSERVATION,True,BIRMINGHAM,['CAPACITY_EXCEEDED'],FLAGGED
BHMBCCTHL01,2016-12-17 16:30:00,2016-12-17 16:30:00,387,401,-14,1.0361757105943152,1.0,True,1,0.0,EXACT,CONTINUOUS,0,False,False,False,False,False,True,SOURCE_OBSERVATION,True,BIRMINGHAM,['CAPACITY_EXCEEDED'],FLAGGED
BHMBCCTHL01,2016-12-18 12:00:00,2016-12-18 12:03:00,387,403,-16,1.041343669250646,1.0,True,1,3.0,ALIGNED,CONTINUOUS,0,False,False,False,False,False,True,NEAREST_SOURCE_OBSERVATION,True,BIRMINGHAM,['CAPACITY_EXCEEDED'],FLAGGED
BHMBCCTHL01,2016-12-18 12:30:00,2016-12-18 12:30:00,387,403,-16,1.041343669250646,1.0,True,1,0.0,EXACT,CONTINUOUS,0,False,False,False,False,False,True,SOURCE_OBSERVATION,True,BIRMINGHAM,['CAPACITY_EXCEEDED'],FLAGGED
BHMBCCTHL01,2016-12-18 13:00:00,2016-12-18 12:56:00,387,402,-15,1.0387596899224807,1.0,True,1,4.0,ALIGNED,CONTINUOUS,0,False,False,False,False,False,True,NEAREST_SOURCE_OBSERVATION,True,BIRMINGHAM,['CAPACITY_EXCEEDED'],FLAGGED
BHMBCCTHL01,2016-12-18 13:30:00,2016-12-18 13:30:00,387,402,-15,1.0387596899224807,1.0,True,1,0.0,EXACT,CONTINUOUS,0,False,False,False,False,False,True,SOURCE_OBSERVATION,True,BIRMINGHAM,['CAPACITY_EXCEEDED'],FLAGGED
BHMBCCTHL01,2016-12-18 14:00:00,2016-12-18 14:03:00,387,402,-15,1.0387596899224807,1.0,True,1,3.0,ALIGNED,CONTINUOUS,0,False,False,False,False,False,True,NEAREST_SOURCE_OBSERVATION,True,BIRMINGHAM,['CAPACITY_EXCEEDED'],FLAGGED
BHMBCCTHL01,2016-12-18 14:30:00,2016-12-18 14:30:00,387,402,-15,1.0387596899224807,1.0,True,1,0.0,EXACT,CONTINUOUS,0,False,False,False,False,False,True,SOURCE_OBSERVATION,True,BIRMINGHAM,['CAPACITY_EXCEEDED'],FLAGGED
BHMBCCTHL01,2016-12-18 15:00:00,2016-12-18 14:56:00,387,402,-15,1.0387596899224807,1.0,True,1,4.0,ALIGNED,CONTINUOUS,0,False,False,False,False,False,True,NEAREST_SOURCE_OBSERVATION,True,BIRMINGHAM,['CAPACITY_EXCEEDED'],FLAGGED
BHMBCCTHL01,2016-12-18 15:30:00,2016-12-18 15:30:00,387,402,-15,1.0387596899224807,1.0,True,1,0.0,EXACT,CONTINUOUS,0,False,False,False,False,False,True,SOURCE_OBSERVATION,True,BIRMINGHAM,['CAPACITY_EXCEEDED'],FLAGGED
BHMBCCTHL01,2016-12-18 16:00:00,2016-12-18 16:03:00,387,388,-1,1.0025839793281655,1.0,True,1,3.0,ALIGNED,CONTINUOUS,0,False,False,False,False,False,True,NEAREST_SOURCE_OBSERVATION,True,BIRMINGHAM,['CAPACITY_EXCEEDED'],FLAGGED
BHMBCCTHL01,2016-12-19 11:30:00,2016-12-19 11:30:00,387,394,-7,1.0180878552971577,1.0,True,1,0.0,EXACT,CONTINUOUS,0,False,False,False,False,False,True,SOURCE_OBSERVATION,True,BIRMINGHAM,['CAPACITY_EXCEEDED'],FLAGGED
BHMBCCTHL01,2016-12-19 12:00:00,2016-12-19 12:03:00,387,395,-8,1.020671834625323,1.0,True,1,3.0,ALIGNED,CONTINUOUS,0,False,False,False,False,False,True,NEAREST_SOURCE_OBSERVATION,True,BIRMINGHAM,['CAPACITY_EXCEEDED'],FLAGGED
BHMBCCTHL01,2016-12-19 12:30:00,2016-12-19 12:30:00,387,397,-10,1.0258397932816536,1.0,True,1,0.0,EXACT,CONTINUOUS,0,False,False,False,False,False,True,SOURCE_OBSERVATION,True,BIRMINGHAM,['CAPACITY_EXCEEDED'],FLAGGED
BHMBCCTHL01,2016-12-19 13:00:00,2016-12-19 13:03:00,387,397,-10,1.0258397932816536,1.0,True,1,3.0,ALIGNED,CONTINUOUS,0,False,False,False,False,False,True,NEAREST_SOURCE_OBSERVATION,True,BIRMINGHAM,['CAPACITY_EXCEEDED'],FLAGGED
BHMBCCTHL01,2016-12-19 13:30:00,2016-12-19 13:30:00,387,399,-12,1.0310077519379846,1.0,True,1,0.0,EXACT,CONTINUOUS,0,False,False,False,False,False,True,SOURCE_OBSERVATION,True,BIRMINGHAM,['CAPACITY_EXCEEDED'],FLAGGED
BHMBCCTHL01,2016-12-19 14:00:00,2016-12-19 14:03:00,387,399,-12,1.0310077519379846,1.0,True,1,3.0,ALIGNED,CONTINUOUS,0,False,False,False,False,False,True,NEAREST_SOURCE_OBSERVATION,True,BIRMINGHAM,['CAPACITY_EXCEEDED'],FLAGGED
BHMBCCTHL01,2016-12-19 14:30:00,2016-12-19 14:30:00,387,401,-14,1.0361757105943152,1.0,True,1,0.0,EXACT,CONTINUOUS,0,False,False,False,False,False,True,SOURCE_OBSERVATION,True,BIRMINGHAM,['CAPACITY_EXCEEDED'],FLAGGED
BHMBCCTHL01,2016-12-19 15:00:00,2016-12-19 15:03:00,387,399,-12,1.0310077519379846,1.0,True,1,3.0,ALIGNED,CONTINUOUS,0,False,False,False,False,False,True,NEAREST_SOURCE_OBSERVATION,True,BIRMINGHAM,['CAPACITY_EXCEEDED'],FLAGGED
BHMBCCTHL01,2016-12-19 15:30:00,2016-12-19 15:29:00,387,402,-15,1.0387596899224807,1.0,True,1,1.0,ALIGNED,CONTINUOUS,0,False,False,False,False,False,True,NEAREST_SOURCE_OBSERVATION,True,BIRMINGHAM,['CAPACITY_EXCEEDED'],FLAGGED
BHMBCCTHL01,2016-12-19 16:00:00,2016-12-19 16:03:00,387,392,-5,1.0129198966408268,1.0,True,1,3.0,ALIGNED,CONTINUOUS,0,False,False,False,False,False,True,NEAREST_SOURCE_OBSERVATION,True,BIRMINGHAM,['CAPACITY_EXCEEDED'],FLAGGED
BHMBRCBRG01,2016-10-15 12:00:00,2016-10-15 12:01:00,1010,1011,-1,1.000990099009901,1.0,True,1,1.0,ALIGNED,CONTINUOUS,0,False,False,False,False,False,True,NEAREST_SOURCE_OBSERVATION,True,BIRMINGHAM,['CAPACITY_EXCEEDED'],FLAGGED
BHMBRCBRG01,2016-10-15 12:30:00,2016-10-15 12:27:00,1010,1012,-2,1.001980198019802,1.0,True,1,3.0,ALIGNED,CONTINUOUS,0,False,False,False,False,False,True,NEAREST_SOURCE_OBSERVATION,True,BIRMINGHAM,['CAPACITY_EXCEEDED'],FLAGGED
BHMBRCBRG01,2016-10-15 15:30:00,2016-10-15 15:27:00,1010,1011,-1,1.000990099009901,1.0,True,1,3.0,ALIGNED,CONTINUOUS,0,False,False,False,False,False,True,NEAREST_SOURCE_OBSERVATION,True,BIRMINGHAM,['CAPACITY_EXCEEDED'],FLAGGED
BHMBRCBRG01,2016-10-16 14:00:00,2016-10-16 14:01:00,1010,1012,-2,1.001980198019802,1.0,True,1,1.0,ALIGNED,CONTINUOUS,0,False,False,False,False,False,True,NEAREST_SOURCE_OBSERVATION,True,BIRMINGHAM,['CAPACITY_EXCEEDED'],FLAGGED
BHMBRCBRG01,2016-10-16 14:30:00,2016-10-16 14:34:00,1010,1011,-1,1.000990099009901,1.0,True,1,4.0,ALIGNED,CONTINUOUS,0,False,False,False,False,False,True,NEAREST_SOURCE_OBSERVATION,True,BIRMINGHAM,['CAPACITY_EXCEEDED'],FLAGGED
BHMBRCBRG01,2016-10-22 12:30:00,2016-10-22 12:32:00,1010,1011,-1,1.000990099009901,1.0,True,1,2.0,ALIGNED,CONTINUOUS,0,False,False,False,False,False,True,NEAREST_SOURCE_OBSERVATION,True,BIRMINGHAM,['CAPACITY_EXCEEDED'],FLAGGED
BHMBRCBRG01,2016-10-22 14:00:00,2016-10-22 13:59:00,1010,1011,-1,1.000990099009901,1.0,True,1,1.0,ALIGNED,CONTINUOUS,0,False,False,False,False,False,True,NEAREST_SOURCE_OBSERVATION,True,BIRMINGHAM,['CAPACITY_EXCEEDED'],FLAGGED
BHMBRCBRG01,2016-10-22 15:00:00,2016-10-22 14:59:00,1010,1012,-2,1.001980198019802,1.0,True,1,1.0,ALIGNED,CONTINUOUS,0,False,False,False,False,False,True,NEAREST_SOURCE_OBSERVATION,True,BIRMINGHAM,['CAPACITY_EXCEEDED'],FLAGGED
BHMBRCBRG01,2016-10-22 16:00:00,2016-10-22 15:59:00,1010,1011,-1,1.000990099009901,1.0,True,1,1.0,ALIGNED,CONTINUOUS,0,False,False,False,False,False,True,NEAREST_SOURCE_OBSERVATION,True,BIRMINGHAM,['CAPACITY_EXCEEDED'],FLAGGED
BHMBRCBRG01,2016-10-23 13:00:00,2016-10-23 13:06:00,1010,1011,-1,1.000990099009901,1.0,True,1,6.0,ALIGNED,CONTINUOUS,0,False,False,False,False,False,True,NEAREST_SOURCE_OBSERVATION,True,BIRMINGHAM,['CAPACITY_EXCEEDED'],FLAGGED
BHMBRCBRG01,2016-10-23 13:30:00,2016-10-23 13:26:00,1010,1011,-1,1.000990099009901,1.0,True,1,4.0,ALIGNED,CONTINUOUS,0,False,False,False,False,False,True,NEAREST_SOURCE_OBSERVATION,True,BIRMINGHAM,['CAPACITY_EXCEEDED'],FLAGGED
BHMBRCBRG01,2016-10-23 15:00:00,2016-10-23 14:59:00,1010,1012,-2,1.001980198019802,1.0,True,1,1.0,ALIGNED,CONTINUOUS,0,False,False,False,False,False,True,NEAREST_SOURCE_OBSERVATION,True,BIRMINGHAM,['CAPACITY_EXCEEDED'],FLAGGED
BHMBRCBRG01,2016-10-23 15:30:00,2016-10-23 15:26:00,1010,1012,-2,1.001980198019802,1.0,True,1,4.0,ALIGNED,CONTINUOUS,0,False,False,False,False,False,True,NEAREST_SOURCE_OBSERVATION,True,BIRMINGHAM,['CAPACITY_EXCEEDED'],FLAGGED
BHMBRCBRG01,2016-10-24 13:30:00,2016-10-24 13:30:00,1010,1012,-2,1.001980198019802,1.0,True,1,0.0,EXACT,CONTINUOUS,0,False,False,False,False,False,True,SOURCE_OBSERVATION,True,BIRMINGHAM,['CAPACITY_EXCEEDED'],FLAGGED
BHMBRCBRG01,2016-10-25 13:00:00,2016-10-25 13:03:00,1010,1011,-1,1.000990099009901,1.0,True,1,3.0,ALIGNED,CONTINUOUS,0,False,False,False,False,False,True,NEAREST_SOURCE_OBSERVATION,True,BIRMINGHAM,['CAPACITY_EXCEEDED'],FLAGGED
BHMBRCBRG01,2016-10-25 13:30:00,2016-10-25 13:29:00,1010,1011,-1,1.000990099009901,1.0,True,1,1.0,ALIGNED,CONTINUOUS,0,False,False,False,False,False,True,NEAREST_SOURCE_OBSERVATION,True,BIRMINGHAM,['CAPACITY_EXCEEDED'],FLAGGED
BHMBRCBRG01,2016-10-26 13:00:00,2016-10-26 12:59:00,1010,1012,-2,1.001980198019802,1.0,True,1,1.0,ALIGNED,CONTINUOUS,0,False,False,False,False,False,True,NEAREST_SOURCE_OBSERVATION,True,BIRMINGHAM,['CAPACITY_EXCEEDED'],FLAGGED
BHMBRCBRG01,2016-10-26 13:30:00,2016-10-26 13:26:00,1010,1011,-1,1.000990099009901,1.0,True,1,4.0,ALIGNED,CONTINUOUS,0,False,False,False,False,False,True,NEAREST_SOURCE_OBSERVATION,True,BIRMINGHAM,['CAPACITY_EXCEEDED'],FLAGGED
BHMBRCBRG01,2016-10-26 14:00:00,2016-10-26 13:59:00,1010,1012,-2,1.001980198019802,1.0,True,1,1.0,ALIGNED,CONTINUOUS,0,False,False,False,False,False,True,NEAREST_SOURCE_OBSERVATION,True,BIRMINGHAM,['CAPACITY_EXCEEDED'],FLAGGED
BHMBRCBRG01,2016-10-27 13:30:00,2016-10-27 13:32:00,1010,1012,-2,1.001980198019802,1.0,True,1,2.0,ALIGNED,CONTINUOUS,0,False,False,False,False,False,True,NEAREST_SOURCE_OBSERVATION,True,BIRMINGHAM,['CAPACITY_EXCEEDED'],FLAGGED
BHMBRCBRG01,2016-10-27 14:00:00,2016-10-27 13:59:00,1010,1012,-2,1.001980198019802,1.0,True,1,1.0,ALIGNED,CONTINUOUS,0,False,False,False,False,False,True,NEAREST_SOURCE_OBSERVATION,True,BIRMINGHAM,['CAPACITY_EXCEEDED'],FLAGGED
BHMBRCBRG01,2016-10-28 12:30:00,2016-10-28 12:29:00,1010,1011,-1,1.000990099009901,1.0,True,1,1.0,ALIGNED,CONTINUOUS,0,False,False,False,False,False,True,NEAREST_SOURCE_OBSERVATION,True,BIRMINGHAM,['CAPACITY_EXCEEDED'],FLAGGED
BHMBRCBRG01,2016-10-28 15:00:00,2016-10-28 15:02:00,1010,1011,-1,1.000990099009901,1.0,True,1,2.0,ALIGNED,CONTINUOUS,0,False,False,False,False,False,True,NEAREST_SOURCE_OBSERVATION,True,BIRMINGHAM,['CAPACITY_EXCEEDED'],FLAGGED
BHMBRCBRG01,2016-10-29 14:30:00,2016-10-29 14:26:00,1010,1011,-1,1.000990099009901,1.0,True,1,4.0,ALIGNED,CONTINUOUS,0,False,False,False,False,False,True,NEAREST_SOURCE_OBSERVATION,True,BIRMINGHAM,['CAPACITY_EXCEEDED'],FLAGGED
BHMBRCBRG01,2016-10-29 15:00:00,2016-10-29 14:59:00,1010,1011,-1,1.000990099009901,1.0,True,1,1.0,ALIGNED,CONTINUOUS,0,False,False,False,False,False,True,NEAREST_SOURCE_OBSERVATION,True,BIRMINGHAM,['CAPACITY_EXCEEDED'],FLAGGED
BHMBRCBRG01,2016-10-29 15:30:00,2016-10-29 15:26:00,1010,1011,-1,1.000990099009901,1.0,True,1,4.0,ALIGNED,CONTINUOUS,0,False,False,False,False,False,True,NEAREST_SOURCE_OBSERVATION,True,BIRMINGHAM,['CAPACITY_EXCEEDED'],FLAGGED
BHMBRCBRG01,2016-10-30 13:30:00,2016-10-30 13:25:00,1010,1011,-1,1.000990099009901,1.0,True,1,5.0,ALIGNED,CONTINUOUS,0,False,False,False,False,False,True,NEAREST_SOURCE_OBSERVATION,True,BIRMINGHAM,['CAPACITY_EXCEEDED'],FLAGGED
BHMBRCBRG01,2016-10-30 14:30:00,2016-10-30 14:32:00,1010,1013,-3,1.002970297029703,1.0,True,1,2.0,ALIGNED,CONTINUOUS,0,False,False,False,False,False,True,NEAREST_SOURCE_OBSERVATION,True,BIRMINGHAM,['CAPACITY_EXCEEDED'],FLAGGED
BHMBRCBRG01,2016-11-05 12:00:00,2016-11-05 12:06:00,1010,1011,-1,1.000990099009901,1.0,True,1,6.0,ALIGNED,CONTINUOUS,0,False,False,False,False,False,True,NEAREST_SOURCE_OBSERVATION,True,BIRMINGHAM,['CAPACITY_EXCEEDED'],FLAGGED
BHMBRCBRG01,2016-11-05 12:30:00,2016-11-05 12:26:00,1010,1013,-3,1.002970297029703,1.0,True,1,4.0,ALIGNED,CONTINUOUS,0,False,False,False,False,False,True,NEAREST_SOURCE_OBSERVATION,True,BIRMINGHAM,['CAPACITY_EXCEEDED'],FLAGGED
BHMBRCBRG01,2016-11-05 14:00:00,2016-11-05 13:59:00,1010,1012,-2,1.001980198019802,1.0,True,1,1.0,ALIGNED,CONTINUOUS,0,False,False,False,False,False,True,NEAREST_SOURCE_OBSERVATION,True,BIRMINGHAM,['CAPACITY_EXCEEDED'],FLAGGED
BHMBRCBRG01,2016-11-06 12:00:00,2016-11-06 11:59:00,1010,1012,-2,1.001980198019802,1.0,True,1,1.0,ALIGNED,CONTINUOUS,0,False,False,False,False,False,True,NEAREST_SOURCE_OBSERVATION,True,BIRMINGHAM,['CAPACITY_EXCEEDED'],FLAGGED
BHMBRCBRG01,2016-11-06 13:30:00,2016-11-06 13:26:00,1010,1013,-3,1.002970297029703,1.0,True,1,4.0,ALIGNED,CONTINUOUS,0,False,False,False,False,False,True,NEAREST_SOURCE_OBSERVATION,True,BIRMINGHAM,['CAPACITY_EXCEEDED'],FLAGGED
BHMBRCBRG01,2016-11-06 14:30:00,2016-11-06 14:33:00,1010,1011,-1,1.000990099009901,1.0,True,1,3.0,ALIGNED,CONTINUOUS,0,False,False,False,False,False,True,NEAREST_SOURCE_OBSERVATION,True,BIRMINGHAM,['CAPACITY_EXCEEDED'],FLAGGED
BHMBRCBRG01,2016-11-12 12:30:00,2016-11-12 12:27:00,1010,1011,-1,1.000990099009901,1.0,True,1,3.0,ALIGNED,CONTINUOUS,0,False,False,False,False,False,True,NEAREST_SOURCE_OBSERVATION,True,BIRMINGHAM,['CAPACITY_EXCEEDED'],FLAGGED
BHMBRCBRG01,2016-11-12 13:00:00,2016-11-12 13:00:00,1010,1013,-3,1.002970297029703,1.0,True,1,0.0,EXACT,CONTINUOUS,0,False,False,False,False,False,True,SOURCE_OBSERVATION,True,BIRMINGHAM,['CAPACITY_EXCEEDED'],FLAGGED
BHMBRCBRG01,2016-11-12 14:30:00,2016-11-12 14:27:00,1010,1013,-3,1.002970297029703,1.0,True,1,3.0,ALIGNED,CONTINUOUS,0,False,False,False,False,False,True,NEAREST_SOURCE_OBSERVATION,True,BIRMINGHAM,['CAPACITY_EXCEEDED'],FLAGGED
BHMBRCBRG01,2016-11-12 16:00:00,2016-11-12 16:00:00,1010,1011,-1,1.000990099009901,1.0,True,1,0.0,EXACT,CONTINUOUS,0,False,False,False,False,False,True,SOURCE_OBSERVATION,True,BIRMINGHAM,['CAPACITY_EXCEEDED'],FLAGGED
BHMBRCBRG01,2016-11-13 12:30:00,2016-11-13 12:27:00,1010,1013,-3,1.002970297029703,1.0,True,1,3.0,ALIGNED,CONTINUOUS,0,False,False,False,False,False,True,NEAREST_SOURCE_OBSERVATION,True,BIRMINGHAM,['CAPACITY_EXCEEDED'],FLAGGED
BHMBRCBRG01,2016-11-13 13:00:00,2016-11-13 13:07:00,1010,1011,-1,1.000990099009901,1.0,True,1,7.0,ALIGNED,CONTINUOUS,0,False,False,False,False,False,True,NEAREST_SOURCE_OBSERVATION,True,BIRMINGHAM,['CAPACITY_EXCEEDED'],FLAGGED
BHMBRCBRG01,2016-11-19 11:30:00,2016-11-19 11:31:00,1010,1012,-2,1.001980198019802,1.0,True,1,1.0,ALIGNED,CONTINUOUS,0,False,False,False,False,False,True,NEAREST_SOURCE_OBSERVATION,True,BIRMINGHAM,['CAPACITY_EXCEEDED'],FLAGGED
BHMBRCBRG01,2016-11-19 12:00:00,2016-11-19 12:04:00,1010,1012,-2,1.001980198019802,1.0,True,1,4.0,ALIGNED,CONTINUOUS,0,False,False,False,False,False,True,NEAREST_SOURCE_OBSERVATION,True,BIRMINGHAM,['CAPACITY_EXCEEDED'],FLAGGED
BHMBRCBRG01,2016-11-19 13:00:00,2016-11-19 13:04:00,1010,1012,-2,1.001980198019802,1.0,True,1,4.0,ALIGNED,CONTINUOUS,0,False,False,False,False,False,True,NEAREST_SOURCE_OBSERVATION,True,BIRMINGHAM,['CAPACITY_EXCEEDED'],FLAGGED
BHMBRCBRG01,2016-11-19 14:00:00,2016-11-19 14:04:00,1010,1011,-1,1.000990099009901,1.0,True,1,4.0,ALIGNED,CONTINUOUS,0,False,False,False,False,False,True,NEAREST_SOURCE_OBSERVATION,True,BIRMINGHAM,['CAPACITY_EXCEEDED'],FLAGGED
BHMBRCBRG01,2016-11-19 15:30:00,2016-11-19 15:31:00,1010,1011,-1,1.000990099009901,1.0,True,1,1.0,ALIGNED,CONTINUOUS,0,False,False,False,False,False,True,NEAREST_SOURCE_OBSERVATION,True,BIRMINGHAM,['CAPACITY_EXCEEDED'],FLAGGED
BHMBRCBRG01,2016-11-25 12:00:00,2016-11-25 12:00:00,1010,1013,-3,1.002970297029703,1.0,True,1,0.0,EXACT,CONTINUOUS,0,False,False,False,False,False,True,SOURCE_OBSERVATION,True,BIRMINGHAM,['CAPACITY_EXCEEDED'],FLAGGED
BHMBRCBRG01,2016-11-25 13:00:00,2016-11-25 13:00:00,1010,1012,-2,1.001980198019802,1.0,True,1,0.0,EXACT,CONTINUOUS,0,False,False,False,False,False,True,SOURCE_OBSERVATION,True,BIRMINGHAM,['CAPACITY_EXCEEDED'],FLAGGED
BHMBRCBRG01,2016-11-25 13:30:00,2016-11-25 13:27:00,1010,1011,-1,1.000990099009901,1.0,True,1,3.0,ALIGNED,CONTINUOUS,0,False,False,False,False,False,True,NEAREST_SOURCE_OBSERVATION,True,BIRMINGHAM,['CAPACITY_EXCEEDED'],FLAGGED
BHMBRCBRG01,2016-11-26 11:30:00,2016-11-26 11:28:00,1010,1012,-2,1.001980198019802,1.0,True,1,2.0,ALIGNED,CONTINUOUS,0,False,False,False,False,False,True,NEAREST_SOURCE_OBSERVATION,True,BIRMINGHAM,['CAPACITY_EXCEEDED'],FLAGGED
BHMBRCBRG01,2016-11-26 12:30:00,2016-11-26 12:28:00,1010,1013,-3,1.002970297029703,1.0,True,1,2.0,ALIGNED,CONTINUOUS,0,False,False,False,False,False,True,NEAREST_SOURCE_OBSERVATION,True,BIRMINGHAM,['CAPACITY_EXCEEDED'],FLAGGED
BHMBRCBRG01,2016-11-26 14:00:00,2016-11-26 14:01:00,1010,1012,-2,1.001980198019802,1.0,True,1,1.0,ALIGNED,CONTINUOUS,0,False,False,False,False,False,True,NEAREST_SOURCE_OBSERVATION,True,BIRMINGHAM,['CAPACITY_EXCEEDED'],FLAGGED
BHMBRCBRG01,2016-11-27 12:00:00,2016-11-27 12:01:00,1010,1011,-1,1.000990099009901,1.0,True,1,1.0,ALIGNED,CONTINUOUS,0,False,False,False,False,False,True,NEAREST_SOURCE_OBSERVATION,True,BIRMINGHAM,['CAPACITY_EXCEEDED'],FLAGGED
BHMBRCBRG01,2016-11-27 15:00:00,2016-11-27 15:01:00,1010,1012,-2,1.001980198019802,1.0,True,1,1.0,ALIGNED,CONTINUOUS,0,False,False,False,False,False,True,NEAREST_SOURCE_OBSERVATION,True,BIRMINGHAM,['CAPACITY_EXCEEDED'],FLAGGED
BHMBRCBRG01,2016-11-28 12:30:00,2016-11-28 12:28:00,1010,1012,-2,1.001980198019802,1.0,True,1,2.0,ALIGNED,CONTINUOUS,0,False,False,False,False,False,True,NEAREST_SOURCE_OBSERVATION,True,BIRMINGHAM,['CAPACITY_EXCEEDED'],FLAGGED
BHMBRCBRG01,2016-11-28 13:00:00,2016-11-28 13:02:00,1010,1012,-2,1.001980198019802,1.0,True,1,2.0,ALIGNED,CONTINUOUS,0,False,False,False,False,False,True,NEAREST_SOURCE_OBSERVATION,True,BIRMINGHAM,['CAPACITY_EXCEEDED'],FLAGGED
BHMBRCBRG01,2016-11-28 13:30:00,2016-11-28 13:31:00,1010,1012,-2,1.001980198019802,1.0,True,1,1.0,ALIGNED,CONTINUOUS,0,False,False,False,False,False,True,NEAREST_SOURCE_OBSERVATION,True,BIRMINGHAM,['CAPACITY_EXCEEDED'],FLAGGED
BHMBRCBRG01,2016-12-02 12:00:00,2016-12-02 12:01:00,1010,1011,-1,1.000990099009901,1.0,True,1,1.0,ALIGNED,CONTINUOUS,0,False,False,False,False,False,True,NEAREST_SOURCE_OBSERVATION,True,BIRMINGHAM,['CAPACITY_EXCEEDED'],FLAGGED
BHMBRCBRG01,2016-12-02 13:00:00,2016-12-02 12:58:00,1010,1011,-1,1.000990099009901,1.0,True,1,2.0,ALIGNED,CONTINUOUS,0,False,False,False,False,False,True,NEAREST_SOURCE_OBSERVATION,True,BIRMINGHAM,['CAPACITY_EXCEEDED'],FLAGGED
BHMBRCBRG01,2016-12-02 13:30:00,2016-12-02 13:25:00,1010,1012,-2,1.001980198019802,1.0,True,1,5.0,ALIGNED,CONTINUOUS,0,False,False,False,False,False,True,NEAREST_SOURCE_OBSERVATION,True,BIRMINGHAM,['CAPACITY_EXCEEDED'],FLAGGED
BHMBRCBRG01,2016-12-05 12:00:00,2016-12-05 11:56:00,1010,1012,-2,1.001980198019802,1.0,True,1,4.0,ALIGNED,CONTINUOUS,0,False,False,False,False,False,True,NEAREST_SOURCE_OBSERVATION,True,BIRMINGHAM,['CAPACITY_EXCEEDED'],FLAGGED
BHMBRCBRG01,2016-12-08 12:30:00,2016-12-08 12:25:00,1010,1012,-2,1.001980198019802,1.0,True,1,5.0,ALIGNED,CONTINUOUS,0,False,False,False,False,False,True,NEAREST_SOURCE_OBSERVATION,True,BIRMINGHAM,['CAPACITY_EXCEEDED'],FLAGGED
BHMBRCBRG01,2016-12-08 13:30:00,2016-12-08 13:25:00,1010,1011,-1,1.000990099009901,1.0,True,1,5.0,ALIGNED,CONTINUOUS,0,False,False,False,False,False,True,NEAREST_SOURCE_OBSERVATION,True,BIRMINGHAM,['CAPACITY_EXCEEDED'],FLAGGED
BHMBRCBRG01,2016-12-09 13:00:00,2016-12-09 13:02:00,1010,1012,-2,1.001980198019802,1.0,True,1,2.0,ALIGNED,CONTINUOUS,0,False,False,False,False,False,True,NEAREST_SOURCE_OBSERVATION,True,BIRMINGHAM,['CAPACITY_EXCEEDED'],FLAGGED
BHMBRCBRG01,2016-12-10 11:00:00,2016-12-10 11:02:00,1010,1012,-2,1.001980198019802,1.0,True,1,2.0,ALIGNED,CONTINUOUS,0,False,False,False,False,False,True,NEAREST_SOURCE_OBSERVATION,True,BIRMINGHAM,['CAPACITY_EXCEEDED'],FLAGGED
BHMBRCBRG01,2016-12-10 11:30:00,2016-12-10 11:29:00,1010,1011,-1,1.000990099009901,1.0,True,1,1.0,ALIGNED,CONTINUOUS,0,False,False,False,False,False,True,NEAREST_SOURCE_OBSERVATION,True,BIRMINGHAM,['CAPACITY_EXCEEDED'],FLAGGED
BHMBRCBRG01,2016-12-10 12:30:00,2016-12-10 12:29:00,1010,1012,-2,1.001980198019802,1.0,True,1,1.0,ALIGNED,CONTINUOUS,0,False,False,False,False,False,True,NEAREST_SOURCE_OBSERVATION,True,BIRMINGHAM,['CAPACITY_EXCEEDED'],FLAGGED
BHMBRCBRG01,2016-12-10 13:00:00,2016-12-10 12:55:00,1010,1012,-2,1.001980198019802,1.0,True,1,5.0,ALIGNED,CONTINUOUS,0,False,False,False,False,False,True,NEAREST_SOURCE_OBSERVATION,True,BIRMINGHAM,['CAPACITY_EXCEEDED'],FLAGGED
BHMBRCBRG01,2016-12-10 15:00:00,2016-12-10 15:02:00,1010,1011,-1,1.000990099009901,1.0,True,1,2.0,ALIGNED,CONTINUOUS,0,False,False,False,False,False,True,NEAREST_SOURCE_OBSERVATION,True,BIRMINGHAM,['CAPACITY_EXCEEDED'],FLAGGED
BHMBRCBRG01,2016-12-11 12:00:00,2016-12-11 11:59:00,1010,1013,-3,1.002970297029703,1.0,True,1,1.0,ALIGNED,CONTINUOUS,0,False,False,False,False,False,True,NEAREST_SOURCE_OBSERVATION,True,BIRMINGHAM,['CAPACITY_EXCEEDED'],FLAGGED
BHMBRCBRG01,2016-12-11 12:30:00,2016-12-11 12:32:00,1010,1012,-2,1.001980198019802,1.0,True,1,2.0,ALIGNED,CONTINUOUS,0,False,False,False,False,False,True,NEAREST_SOURCE_OBSERVATION,True,BIRMINGHAM,['CAPACITY_EXCEEDED'],FLAGGED
BHMBRCBRG01,2016-12-11 13:30:00,2016-12-11 13:26:00,1010,1012,-2,1.001980198019802,1.0,True,1,4.0,ALIGNED,CONTINUOUS,0,False,False,False,False,False,True,NEAREST_SOURCE_OBSERVATION,True,BIRMINGHAM,['CAPACITY_EXCEEDED'],FLAGGED
BHMBRCBRG01,2016-12-11 14:00:00,2016-12-11 13:59:00,1010,1011,-1,1.000990099009901,1.0,True,1,1.0,ALIGNED,CONTINUOUS,0,False,False,False,False,False,True,NEAREST_SOURCE_OBSERVATION,True,BIRMINGHAM,['CAPACITY_EXCEEDED'],FLAGGED
BHMBRCBRG01,2016-12-12 12:30:00,2016-12-12 12:29:00,1010,1011,-1,1.000990099009901,1.0,True,1,1.0,ALIGNED,CONTINUOUS,0,False,False,False,False,False,True,NEAREST_SOURCE_OBSERVATION,True,BIRMINGHAM,['CAPACITY_EXCEEDED'],FLAGGED
BHMBRCBRG01,2016-12-12 13:00:00,2016-12-12 12:56:00,1010,1011,-1,1.000990099009901,1.0,True,1,4.0,ALIGNED,CONTINUOUS,0,False,False,False,False,False,True,NEAREST_SOURCE_OBSERVATION,True,BIRMINGHAM,['CAPACITY_EXCEEDED'],FLAGGED
BHMBRCBRG01,2016-12-12 14:00:00,2016-12-12 14:02:00,1010,1011,-1,1.000990099009901,1.0,True,1,2.0,ALIGNED,CONTINUOUS,0,False,False,False,False,False,True,NEAREST_SOURCE_OBSERVATION,True,BIRMINGHAM,['CAPACITY_EXCEEDED'],FLAGGED
BHMBRCBRG01,2016-12-13 12:30:00,2016-12-13 12:29:00,1010,1011,-1,1.000990099009901,1.0,True,1,1.0,ALIGNED,CONTINUOUS,0,False,False,False,False,False,True,NEAREST_SOURCE_OBSERVATION,True,BIRMINGHAM,['CAPACITY_EXCEEDED'],FLAGGED
BHMBRCBRG01,2016-12-13 13:00:00,2016-12-13 13:02:00,1010,1012,-2,1.001980198019802,1.0,True,1,2.0,ALIGNED,CONTINUOUS,0,False,False,False,False,False,True,NEAREST_SOURCE_OBSERVATION,True,BIRMINGHAM,['CAPACITY_EXCEEDED'],FLAGGED
BHMBRCBRG01,2016-12-16 13:30:00,2016-12-16 13:30:00,1010,1011,-1,1.000990099009901,1.0,True,1,0.0,EXACT,CONTINUOUS,0,False,False,False,False,False,True,SOURCE_OBSERVATION,True,BIRMINGHAM,['CAPACITY_EXCEEDED'],FLAGGED
BHMBRCBRG01,2016-12-17 13:00:00,2016-12-17 13:00:00,1010,1011,-1,1.000990099009901,1.0,True,1,0.0,EXACT,CONTINUOUS,0,False,False,False,False,False,True,SOURCE_OBSERVATION,True,BIRMINGHAM,['CAPACITY_EXCEEDED'],FLAGGED
BHMBRCBRG01,2016-12-17 14:00:00,2016-12-17 14:00:00,1010,1011,-1,1.000990099009901,1.0,True,1,0.0,EXACT,CONTINUOUS,0,False,False,False,False,False,True,SOURCE_OBSERVATION,True,BIRMINGHAM,['CAPACITY_EXCEEDED'],FLAGGED
BHMBRCBRG01,2016-12-17 16:30:00,2016-12-17 16:30:00,1010,1012,-2,1.001980198019802,1.0,True,1,0.0,EXACT,CONTINUOUS,0,False,False,False,False,False,True,SOURCE_OBSERVATION,True,BIRMINGHAM,['CAPACITY_EXCEEDED'],FLAGGED
BHMBRCBRG01,2016-12-18 12:30:00,2016-12-18 12:30:00,1010,1012,-2,1.001980198019802,1.0,True,1,0.0,EXACT,CONTINUOUS,0,False,False,False,False,False,True,SOURCE_OBSERVATION,True,BIRMINGHAM,['CAPACITY_EXCEEDED'],FLAGGED
BHMBRCBRG01,2016-12-18 14:30:00,2016-12-18 14:30:00,1010,1013,-3,1.002970297029703,1.0,True,1,0.0,EXACT,CONTINUOUS,0,False,False,False,False,False,True,SOURCE_OBSERVATION,True,BIRMINGHAM,['CAPACITY_EXCEEDED'],FLAGGED
BHMBRCBRG01,2016-12-19 11:30:00,2016-12-19 11:30:00,1010,1011,-1,1.000990099009901,1.0,True,1,0.0,EXACT,CONTINUOUS,0,False,False,False,False,False,True,SOURCE_OBSERVATION,True,BIRMINGHAM,['CAPACITY_EXCEEDED'],FLAGGED
BHMBRCBRG01,2016-12-19 12:00:00,2016-12-19 12:03:00,1010,1011,-1,1.000990099009901,1.0,True,1,3.0,ALIGNED,CONTINUOUS,0,False,False,False,False,False,True,NEAREST_SOURCE_OBSERVATION,True,BIRMINGHAM,['CAPACITY_EXCEEDED'],FLAGGED
BHMBRCBRG01,2016-12-19 13:00:00,2016-12-19 13:03:00,1010,1012,-2,1.001980198019802,1.0,True,1,3.0,ALIGNED,CONTINUOUS,0,False,False,False,False,False,True,NEAREST_SOURCE_OBSERVATION,True,BIRMINGHAM,['CAPACITY_EXCEEDED'],FLAGGED
BHMBRCBRG02,2016-10-22 15:00:00,2016-10-22 14:59:00,1194,1196,-2,1.001675041876047,1.0,True,1,1.0,ALIGNED,CONTINUOUS,0,False,False,False,False,False,True,NEAREST_SOURCE_OBSERVATION,True,BIRMINGHAM,['CAPACITY_EXCEEDED'],FLAGGED
BHMBRCBRG02,2016-10-29 15:30:00,2016-10-29 15:26:00,1194,1195,-1,1.0008375209380234,1.0,True,1,4.0,ALIGNED,CONTINUOUS,0,False,False,False,False,False,True,NEAREST_SOURCE_OBSERVATION,True,BIRMINGHAM,['CAPACITY_EXCEEDED'],FLAGGED
BHMBRCBRG02,2016-11-12 14:00:00,2016-11-12 14:00:00,1194,1195,-1,1.0008375209380234,1.0,True,1,0.0,EXACT,CONTINUOUS,0,False,False,False,False,False,True,SOURCE_OBSERVATION,True,BIRMINGHAM,['CAPACITY_EXCEEDED'],FLAGGED
BHMBRCBRG02,2016-11-19 13:30:00,2016-11-19 13:31:00,1194,1195,-1,1.0008375209380234,1.0,True,1,1.0,ALIGNED,CONTINUOUS,0,False,False,False,False,False,True,NEAREST_SOURCE_OBSERVATION,True,BIRMINGHAM,['CAPACITY_EXCEEDED'],FLAGGED
BHMBRCBRG02,2016-11-19 15:30:00,2016-11-19 15:31:00,1194,1195,-1,1.0008375209380234,1.0,True,1,1.0,ALIGNED,CONTINUOUS,0,False,False,False,False,False,True,NEAREST_SOURCE_OBSERVATION,True,BIRMINGHAM,['CAPACITY_EXCEEDED'],FLAGGED
BHMBRCBRG02,2016-11-20 13:00:00,2016-11-20 13:07:00,1194,1195,-1,1.0008375209380234,1.0,True,1,7.0,ALIGNED,CONTINUOUS,0,False,False,False,False,False,True,NEAREST_SOURCE_OBSERVATION,True,BIRMINGHAM,['CAPACITY_EXCEEDED'],FLAGGED
BHMBRCBRG02,2016-11-20 13:30:00,2016-11-20 13:27:00,1194,1195,-1,1.0008375209380234,1.0,True,1,3.0,ALIGNED,CONTINUOUS,0,False,False,False,False,False,True,NEAREST_SOURCE_OBSERVATION,True,BIRMINGHAM,['CAPACITY_EXCEEDED'],FLAGGED
BHMBRCBRG02,2016-11-20 14:30:00,2016-11-20 14:27:00,1194,1195,-1,1.0008375209380234,1.0,True,1,3.0,ALIGNED,CONTINUOUS,0,False,False,False,False,False,True,NEAREST_SOURCE_OBSERVATION,True,BIRMINGHAM,['CAPACITY_EXCEEDED'],FLAGGED
BHMBRCBRG02,2016-11-25 12:00:00,2016-11-25 12:00:00,1194,1196,-2,1.001675041876047,1.0,True,1,0.0,EXACT,CONTINUOUS,0,False,False,False,False,False,True,SOURCE_OBSERVATION,True,BIRMINGHAM,['CAPACITY_EXCEEDED'],FLAGGED
BHMBRCBRG02,2016-11-25 13:30:00,2016-11-25 13:27:00,1194,1196,-2,1.001675041876047,1.0,True,1,3.0,ALIGNED,CONTINUOUS,0,False,False,False,False,False,True,NEAREST_SOURCE_OBSERVATION,True,BIRMINGHAM,['CAPACITY_EXCEEDED'],FLAGGED
BHMBRCBRG02,2016-11-26 12:30:00,2016-11-26 12:28:00,1194,1195,-1,1.0008375209380234,1.0,True,1,2.0,ALIGNED,CONTINUOUS,0,False,False,False,False,False,True,NEAREST_SOURCE_OBSERVATION,True,BIRMINGHAM,['CAPACITY_EXCEEDED'],FLAGGED
BHMBRCBRG02,2016-11-26 13:00:00,2016-11-26 13:01:00,1194,1196,-2,1.001675041876047,1.0,True,1,1.0,ALIGNED,CONTINUOUS,0,False,False,False,False,False,True,NEAREST_SOURCE_OBSERVATION,True,BIRMINGHAM,['CAPACITY_EXCEEDED'],FLAGGED
BHMBRCBRG02,2016-11-26 14:30:00,2016-11-26 14:41:00,1194,1197,-3,1.0025125628140703,1.0,True,1,11.0,ALIGNED,CONTINUOUS,0,False,False,False,False,False,True,NEAREST_SOURCE_OBSERVATION,True,BIRMINGHAM,['CAPACITY_EXCEEDED'],FLAGGED
BHMBRCBRG02,2016-11-26 15:00:00,2016-11-26 15:01:00,1194,1195,-1,1.0008375209380234,1.0,True,1,1.0,ALIGNED,CONTINUOUS,0,False,False,False,False,False,True,NEAREST_SOURCE_OBSERVATION,True,BIRMINGHAM,['CAPACITY_EXCEEDED'],FLAGGED
BHMBRCBRG02,2016-11-27 12:30:00,2016-11-27 12:32:00,1194,1197,-3,1.0025125628140703,1.0,True,1,2.0,ALIGNED,CONTINUOUS,0,False,False,False,False,False,True,NEAREST_SOURCE_OBSERVATION,True,BIRMINGHAM,['CAPACITY_EXCEEDED'],FLAGGED
BHMBRCBRG02,2016-11-27 13:00:00,2016-11-27 13:08:00,1194,1195,-1,1.0008375209380234,1.0,True,1,8.0,ALIGNED,CONTINUOUS,0,False,False,False,False,False,True,NEAREST_SOURCE_OBSERVATION,True,BIRMINGHAM,['CAPACITY_EXCEEDED'],FLAGGED
BHMBRCBRG02,2016-11-27 14:00:00,2016-11-27 14:02:00,1194,1195,-1,1.0008375209380234,1.0,True,1,2.0,ALIGNED,CONTINUOUS,0,False,False,False,False,False,True,NEAREST_SOURCE_OBSERVATION,True,BIRMINGHAM,['CAPACITY_EXCEEDED'],FLAGGED
BHMBRCBRG02,2016-11-27 14:30:00,2016-11-27 14:31:00,1194,1195,-1,1.0008375209380234,1.0,True,1,1.0,ALIGNED,CONTINUOUS,0,False,False,False,False,False,True,NEAREST_SOURCE_OBSERVATION,True,BIRMINGHAM,['CAPACITY_EXCEEDED'],FLAGGED
BHMBRCBRG02,2016-12-10 13:30:00,2016-12-10 13:29:00,1194,1195,-1,1.0008375209380234,1.0,True,1,1.0,ALIGNED,CONTINUOUS,0,False,False,False,False,False,True,NEAREST_SOURCE_OBSERVATION,True,BIRMINGHAM,['CAPACITY_EXCEEDED'],FLAGGED
BHMBRCBRG02,2016-12-10 14:30:00,2016-12-10 14:25:00,1194,1196,-2,1.001675041876047,1.0,True,1,5.0,ALIGNED,CONTINUOUS,0,False,False,False,False,False,True,NEAREST_SOURCE_OBSERVATION,True,BIRMINGHAM,['CAPACITY_EXCEEDED'],FLAGGED
BHMBRCBRG02,2016-12-10 15:00:00,2016-12-10 15:02:00,1194,1195,-1,1.0008375209380234,1.0,True,1,2.0,ALIGNED,CONTINUOUS,0,False,False,False,False,False,True,NEAREST_SOURCE_OBSERVATION,True,BIRMINGHAM,['CAPACITY_EXCEEDED'],FLAGGED
BHMBRCBRG02,2016-12-11 12:30:00,2016-12-11 12:32:00,1194,1196,-2,1.001675041876047,1.0,True,1,2.0,ALIGNED,CONTINUOUS,0,False,False,False,False,False,True,NEAREST_SOURCE_OBSERVATION,True,BIRMINGHAM,['CAPACITY_EXCEEDED'],FLAGGED
BHMBRCBRG02,2016-12-11 13:00:00,2016-12-11 13:05:00,1194,1196,-2,1.001675041876047,1.0,True,1,5.0,ALIGNED,CONTINUOUS,0,False,False,False,False,False,True,NEAREST_SOURCE_OBSERVATION,True,BIRMINGHAM,['CAPACITY_EXCEEDED'],FLAGGED
BHMBRCBRG02,2016-12-11 13:30:00,2016-12-11 13:26:00,1194,1195,-1,1.0008375209380234,1.0,True,1,4.0,ALIGNED,CONTINUOUS,0,False,False,False,False,False,True,NEAREST_SOURCE_OBSERVATION,True,BIRMINGHAM,['CAPACITY_EXCEEDED'],FLAGGED
BHMBRCBRG02,2016-12-11 14:00:00,2016-12-11 13:59:00,1194,1195,-1,1.0008375209380234,1.0,True,1,1.0,ALIGNED,CONTINUOUS,0,False,False,False,False,False,True,NEAREST_SOURCE_OBSERVATION,True,BIRMINGHAM,['CAPACITY_EXCEEDED'],FLAGGED
BHMBRCBRG02,2016-12-11 15:00:00,2016-12-11 14:59:00,1194,1195,-1,1.0008375209380234,1.0,True,1,1.0,ALIGNED,CONTINUOUS,0,False,False,False,False,False,True,NEAREST_SOURCE_OBSERVATION,True,BIRMINGHAM,['CAPACITY_EXCEEDED'],FLAGGED
BHMBRCBRG02,2016-12-17 14:00:00,2016-12-17 14:00:00,1194,1196,-2,1.001675041876047,1.0,True,1,0.0,EXACT,CONTINUOUS,0,False,False,False,False,False,True,SOURCE_OBSERVATION,True,BIRMINGHAM,['CAPACITY_EXCEEDED'],FLAGGED
BHMBRCBRG02,2016-12-17 15:00:00,2016-12-17 15:03:00,1194,1195,-1,1.0008375209380234,1.0,True,1,3.0,ALIGNED,CONTINUOUS,0,False,False,False,False,False,True,NEAREST_SOURCE_OBSERVATION,True,BIRMINGHAM,['CAPACITY_EXCEEDED'],FLAGGED
BHMBRCBRG02,2016-12-18 13:00:00,2016-12-18 12:56:00,1194,1197,-3,1.0025125628140703,1.0,True,1,4.0,ALIGNED,CONTINUOUS,0,False,False,False,False,False,True,NEAREST_SOURCE_OBSERVATION,True,BIRMINGHAM,['CAPACITY_EXCEEDED'],FLAGGED
BHMBRCBRG02,2016-12-18 14:00:00,2016-12-18 14:03:00,1194,1198,-4,1.003350083752094,1.0,True,1,3.0,ALIGNED,CONTINUOUS,0,False,False,False,False,False,True,NEAREST_SOURCE_OBSERVATION,True,BIRMINGHAM,['CAPACITY_EXCEEDED'],FLAGGED
BHMMBMMBX01,2016-12-19 13:00:00,2016-12-19 13:03:00,687,688,-1,1.0014556040756915,1.0,True,1,3.0,ALIGNED,CONTINUOUS,0,False,False,False,False,False,True,NEAREST_SOURCE_OBSERVATION,True,BIRMINGHAM,['CAPACITY_EXCEEDED'],FLAGGED
BHMNCPLDH01,2016-11-16 11:00:00,2016-11-16 11:00:00,720,723,-3,1.0041666666666667,1.0,True,1,0.0,EXACT,CONTINUOUS,0,False,False,False,False,False,True,SOURCE_OBSERVATION,True,BIRMINGHAM,['CAPACITY_EXCEEDED'],FLAGGED
BHMNCPNHS01,2016-10-04 10:30:00,2016-10-04 10:26:00,500,501,-1,1.002,1.0,True,1,4.0,ALIGNED,CONTINUOUS,0,False,False,False,False,False,True,NEAREST_SOURCE_OBSERVATION,True,BIRMINGHAM,['CAPACITY_EXCEEDED'],FLAGGED
BHMNCPNHS01,2016-11-08 13:00:00,2016-11-08 13:00:00,500,503,-3,1.006,1.0,True,1,0.0,EXACT,CONTINUOUS,0,False,False,False,False,False,True,SOURCE_OBSERVATION,True,BIRMINGHAM,['CAPACITY_EXCEEDED'],FLAGGED
