rank,feature,importance,importance_pct,cumulative_importance_pct,categorical
1,demand_class_code,197.9620819091797,71.94818845503636,71.94818845503636,False
2,availability_rate,22.826248168945312,8.296069576264395,80.24425803130076,False
3,available_ratio,19.46377182006836,7.073996744480425,87.31825477578118,False
4,remaining_capacity_ratio,8.152198791503906,2.9628701078377806,90.28112488361897,False
5,calculated_demand_level,7.099939823150635,2.5804325933984424,92.86155747701741,False
6,occupied_ratio,4.765911102294922,1.7321431803550082,94.59370065737242,False
7,demand_pressure,3.781080484390259,1.374212114920962,95.96791277229339,False
8,capacity_utilization,3.4595694541931152,1.2573607665823976,97.22527353887578,False
9,is_moderate_occupancy,3.136728048324585,1.140025900801514,98.3652994396773,False
10,demand_class,1.0235446691513062,0.3720014663314731,98.73730090600877,True
11,demand_level,0.42832955718040466,0.15567393211704242,98.89297483812581,False
12,occupancy_level,0.3355245590209961,0.12194448538286556,99.01491932350868,True
13,occupancy_rate_roll_missing_6h,0.31386688351631165,0.11407312686975427,99.12899245037843,False
14,occupancy_rate_roll_count_6h,0.1603548675775528,0.05828006111516438,99.1872725114936,False
15,occupancy_rate_roll_trend_1h,0.15741683542728424,0.057212250104106945,99.2444847615977,False
16,hour,0.10400836169719696,0.03780124524919188,99.2822860068469,False
17,occupancy_rate_roll_max_6h,0.09533461928367615,0.034648823089554553,99.31693482993646,False
18,occupancy_rate_roll_max_2h,0.09264326840639114,0.03367066697879813,99.35060549691525,False
19,half_hour_slot,0.08641387522220612,0.03140662959116405,99.38201212650641,False
20,occupancy_rate_lag_1h,0.07980788499116898,0.029005720156937944,99.41101784666334,False
21,occupancy_rate_lag_2h,0.0775303840637207,0.028177975447677188,99.43919582211102,False
22,occupancy_rate_lag_3h,0.07541880756616592,0.0274105350251573,99.46660635713617,False
23,occupancy_rate_roll_max_3h,0.06855593621730804,0.024916263615257565,99.49152262075143,False
24,occupancy_rate_roll_trend_2h,0.06330345571041107,0.02300727956274592,99.51452990031417,False
25,occupancy_within_capacity,0.05845584347844124,0.021245442573262673,99.53577534288743,False
26,occupancy_rate_roll_max_1h,0.047885049134492874,0.017403547720253643,99.55317889060768,False
27,occupancy_rate_roll_std_1h,0.046879902482032776,0.01703823290804973,99.57021712351573,False
28,occupied_spaces_roll_trend_1h,0.04624762386083603,0.016808434853011974,99.58702555836875,False
29,available_spaces_roll_min_12h,0.045766837894916534,0.01663369593862542,99.60365925430737,False
30,occupancy_rate_roll_count_12h,0.04321388527750969,0.015705839885271553,99.61936509419264,False
31,occupancy_rate_roll_trend_3h,0.038753099739551544,0.014084592849236867,99.63344968704189,False
32,available_spaces_roll_trend_1h,0.03733702376484871,0.013569928120961729,99.64701961516285,False
33,occupancy_rate_lag_6h,0.034450963139534,0.01252100586393037,99.65954062102678,False
34,occupancy_rate_lag_30m,0.03403831645846367,0.012371031783598089,99.67191165281038,False
35,available_spaces_lag_6h,0.03339505195617676,0.012137240972799246,99.68404889378319,False
36,occupancy_rate_roll_median_1d,0.030539054423570633,0.011099244975175138,99.69514813875836,False
37,occupancy_rate_roll_mean_1d,0.023091837763786316,0.00839259659819218,99.70354073535655,False
38,occupancy_rate_roll_max_1d,0.02172260731458664,0.007894957608708385,99.71143569296527,False
39,occupancy_rate_roll_missing_12h,0.021389398723840714,0.007773854848772655,99.71920954781405,False
40,month,0.02002856321632862,0.007279266952916398,99.72648881476697,False
41,day_of_week_sin,0.01845466159284115,0.00670724139365644,99.73319605616062,False
42,time_slot,0.015895703807473183,0.005777202796292105,99.73897325895692,False
43,demand_excess_pressure,0.015713511034846306,0.005710985873264806,99.74468424483018,False
44,occupied_spaces_roll_max_12h,0.014823570847511292,0.005387542193068185,99.75007178702324,False
45,occupied_spaces_roll_trend_2h,0.014370374381542206,0.0052228305249232745,99.75529461754817,False
46,occupied_spaces_lag_2h,0.01407240517437458,0.005114535317758654,99.76040915286593,False
47,occupied_spaces_roll_median_12h,0.01359571423381567,0.004941284716959883,99.7653504375829,False
48,occupied_spaces_lag_6h,0.013143558986485004,0.0047769514737845305,99.77012738905668,False
49,available_spaces_roll_min_1h,0.013083260506391525,0.004755036335453604,99.77488242539214,False
50,available_spaces_roll_min_1d,0.012291742488741875,0.004467363630912436,99.77934978902304,False
51,occupancy_rate_roll_count_1h,0.011805634945631027,0.004290690619677894,99.78364047964273,False
52,available_spaces_roll_trend_2h,0.011401223950088024,0.004143709752230936,99.78778418939496,False
53,day_of_week,0.011241720989346504,0.004085739311791579,99.79186992870675,False
54,occupancy_rate_roll_count_3h,0.010946393013000488,0.003978404044889628,99.79584833275163,False
55,occupied_spaces_roll_trend_6h,0.01017699670046568,0.0036987713477741233,99.7995471040994,False
56,available_spaces_roll_mean_1h,0.010171185247600079,0.003696659208409153,99.80324376330782,False
57,occupied_spaces_roll_max_6h,0.00997341051697731,0.003624779111709528,99.80686854241952,False
58,occupancy_rate_roll_min_12h,0.009849491529166698,0.003579741463074141,99.8104482838826,False
59,occupied_spaces_lag_3h,0.009530717507004738,0.0034638848646797032,99.81391216874728,False
60,occupancy_rate_roll_std_1d,0.009461551904678345,0.0034387470213978343,99.81735091576867,False
61,is_friday,0.009422238916158676,0.003424458940168009,99.82077537470884,False
62,occupancy_rate_roll_min_1h,0.009373682551085949,0.003406811406502714,99.82418218611535,False
63,occupied_spaces_roll_median_1d,0.009173482656478882,0.0033340498977988604,99.82751623601315,False
64,is_saturday,0.008638042956590652,0.0031394473958331545,99.83065568340899,False
65,available_spaces_roll_max_1d,0.008402771316468716,0.003053939261455256,99.83370962267044,False
66,occupancy_rate_roll_median_6h,0.008306118659675121,0.0030188114051577265,99.8367284340756,False
67,occupied_spaces_roll_mean_3h,0.008160071447491646,0.00296573137970957,99.8396941654553,False
68,available_spaces_roll_trend_6h,0.008154358714818954,0.0029636551196350943,99.84265782057493,False
69,available_spaces_roll_median_1d,0.008109066635370255,0.002947193971943232,99.84560501454688,False
70,occupied_spaces_roll_min_2h,0.008079889230430126,0.0029365896106988178,99.84854160415757,False
71,minute,0.008045441471040249,0.002924069769219409,99.8514656739268,False
72,minutes_since_week_start,0.007905260659754276,0.002873121853684705,99.85433879578048,False
73,available_spaces_lag_2h,0.007654047571122646,0.0027818198908596613,99.85712061567133,False
74,available_spaces_lag_1h,0.007615725044161081,0.002767891787228336,99.85988850745856,False
75,day_of_month,0.007540508639067411,0.002740554814226241,99.86262906227279,False
76,occupancy_rate_roll_std_12h,0.007161988411098719,0.0026029837984373233,99.86523204607123,False
77,occupancy_rate_roll_mean_12h,0.007156548090279102,0.002601006544895581,99.86783305261612,False
78,available_spaces_roll_max_1h,0.006990897934883833,0.002540801941655185,99.87037385455777,False
79,occupied_spaces_roll_min_12h,0.006792193278670311,0.0024685838688087774,99.87284243842657,False
80,calendar_day_of_week_sin,0.006741387769579887,0.0024501188965911744,99.87529255732316,False
81,available_spaces_roll_max_3h,0.006606979761272669,0.0024012690733407277,99.87769382639651,False
82,occupancy_rate_lag_1d,0.00631755730137229,0.0022960801326748787,99.87998990652919,False
83,occupied_spaces_roll_mean_1d,0.00619492819532752,0.0022515112842030308,99.88224141781339,False
84,available_spaces_lag_30m,0.006107768975198269,0.002219833763260761,99.88446125157665,False
85,available_spaces_roll_median_2h,0.0059070466086268425,0.002146882365104384,99.88660813394176,False
86,available_spaces_roll_max_12h,0.005863829515874386,0.0021311753594806552,99.88873930930124,False
87,occupied_spaces_roll_median_3h,0.005855558440089226,0.0021281692842081714,99.89086747858545,False
88,available_spaces_roll_max_6h,0.005699553061276674,0.0020714700199523316,99.8929389486054,False
89,occupancy_rate_roll_trend_6h,0.005534999072551727,0.002011663812229976,99.89495061241763,False
90,occupied_spaces_roll_std_1h,0.00552504463121295,0.0020080459273577834,99.89695865834499,False
91,occupied_spaces_roll_max_1d,0.005446293391287327,0.001979424238817268,99.8989380825838,False
92,occupancy_rate_roll_median_2h,0.0053087561391294,0.0019294371097549146,99.90086751969355,False
93,occupied_spaces_roll_count_1d,0.0052939169108867645,0.0019240438769709803,99.90279156357052,False
94,available_spaces_roll_mean_6h,0.005287289619445801,0.0019216352257336205,99.90471319879624,False
95,day_of_week_cos,0.0051867421716451645,0.0018850918298809135,99.90659829062612,False
96,occupied_spaces_roll_min_3h,0.005159751512110233,0.001875282228769344,99.90847357285489,False
97,occupancy_rate_roll_median_1h,0.005100441165268421,0.0018537262218272367,99.91032729907671,False
98,available_spaces_roll_median_6h,0.0050871227867901325,0.0018488857332072445,99.91217618480992,False
99,available_spaces_roll_mean_1d,0.005071765277534723,0.001843304134148213,99.91401948894408,False
100,hour_cos,0.005041409283876419,0.0018322714215630344,99.91585176036564,False
101,occupied_spaces_roll_trend_3h,0.004908651113510132,0.0017840212224928835,99.91763578158813,False
102,is_tuesday,0.004868219140917063,0.001769326452890139,99.91940510804102,False
103,occupancy_rate_roll_min_2h,0.004387599881738424,0.0015946481271167771,99.92099975616813,False
104,occupancy_rate_roll_count_2h,0.004363256506621838,0.0015858006664130483,99.92258555683455,False
105,occupancy_rate_roll_std_3h,0.004356452729552984,0.0015833278724818323,99.92416888470703,False
106,occupied_spaces_roll_max_1h,0.004346954170614481,0.001579875675465273,99.92574876038249,False
107,occupancy_rate_roll_trend_1d,0.0043316008523106575,0.0015742955995836686,99.92732305598207,False
108,occupancy_rate_roll_count_1d,0.0042687831446528435,0.0015514648623773822,99.92887452084445,False
109,available_spaces_roll_mean_12h,0.004250875674188137,0.0015449564944751961,99.93041947733892,False
110,occupied_spaces_roll_std_12h,0.004202470649033785,0.0015273639644391972,99.93194684130336,False
111,occupied_spaces_roll_max_2h,0.004146162886172533,0.0015068992295023244,99.93345374053285,False
112,available_spaces_lag_1d,0.0041192579083144665,0.0014971207689070329,99.93495086130176,False
113,occupancy_rate_roll_min_6h,0.004005729220807552,0.0014558594155962118,99.93640672071736,False
114,occupied_spaces_lag_30m,0.003953489940613508,0.0014368733474567545,99.93784359406482,False
115,occupancy_rate_roll_std_6h,0.003899764036759734,0.001417346974435673,99.93926094103925,False
116,available_spaces_roll_trend_3h,0.0038843199145048857,0.0014117338963764907,99.94067267493563,False
117,occupancy_rate_roll_mean_6h,0.003859172575175762,0.0014025942394697475,99.94207526917509,False
118,occupancy_rate_roll_min_1d,0.0038410816341638565,0.0013960191902446606,99.94347128836533,False
119,is_weekday,0.0037576365284621716,0.001365691542986285,99.94483697990832,False
120,available_spaces_roll_std_3h,0.0037260763347148895,0.0013542211707538458,99.94619120107907,False
121,available_spaces_roll_min_3h,0.0037160420324653387,0.0013505742608895786,99.94754177533996,False
122,occupied_spaces_roll_median_1h,0.0036799414083361626,0.0013374536951572882,99.94887922903511,False
123,occupied_spaces_roll_max_3h,0.0036657487507909536,0.0013322954548019008,99.95021152448992,False
124,occupancy_rate_roll_mean_1h,0.0036277214530855417,0.0013184746505581872,99.95152999914048,False
125,available_spaces_roll_min_6h,0.0035716018173843622,0.0012980782893635778,99.95282807742984,False
126,occupied_spaces_roll_mean_1h,0.003477066056802869,0.0012637198069084482,99.95409179723676,False
127,is_wednesday,0.0034620058722794056,0.0012582462688257418,99.95535004350558,False
128,occupied_spaces_roll_trend_1d,0.003373319748789072,0.0012260138035743585,99.95657605730915,False
129,day_of_year,0.003333084285259247,0.0012113904540687309,99.95778744776322,False
130,calendar_day_of_week_cos,0.003249675501137972,0.0011810760076813864,99.9589685237709,False
131,occupancy_rate_roll_median_12h,0.003220338374376297,0.0011704135964528228,99.96013893736736,False
132,occupancy_rate_roll_mean_3h,0.003149268217384815,0.0011445835536515046,99.96128352092101,False
133,occupied_spaces_roll_min_1d,0.003149149240925908,0.0011445403123367809,99.96242806123335,False
134,available_spaces_roll_max_2h,0.0031071873381733894,0.0011292894983523372,99.9635573507317,False
135,occupied_spaces_roll_min_6h,0.003024648642167449,0.0010992912805229613,99.96465664201223,False
136,available_spaces_lag_3h,0.003003113204613328,0.0010914643486950953,99.96574810636092,False
137,occupied_spaces_roll_std_2h,0.0029348586685955524,0.001066657627261589,99.96681476398818,False
138,available_spaces_roll_std_1h,0.0029002625960856676,0.0010540838822254701,99.9678688478704,False
139,occupied_spaces_roll_std_1d,0.0028739499393850565,0.0010445206973731468,99.96891336856778,False
140,occupied_spaces_roll_std_3h,0.0028604750987142324,0.001039623343462559,99.96995299191124,False
141,available_spaces_roll_mean_3h,0.0028395343106240034,0.0010320125335873426,99.97098500444483,False
142,occupied_spaces_roll_std_6h,0.0028190903831273317,0.0010245823048581537,99.97200958674969,False
143,occupancy_rate_roll_median_3h,0.0027491061482578516,0.0009991469342522771,99.97300873368394,False
144,occupied_spaces_lag_1h,0.0027347172144800425,0.0009939173584207408,99.97400265104235,False
145,occupancy_rate_roll_std_2h,0.0027050760108977556,0.0009831444322077761,99.97498579547457,False
146,occupancy_rate_roll_max_12h,0.002622203901410103,0.0009530250371520124,99.97593882051171,False
147,available_spaces_roll_min_2h,0.0026188641786575317,0.0009518112339848997,99.9768906317457,False
148,occupancy_rate_roll_mean_2h,0.0026090703904628754,0.0009482517375807291,99.97783888348329,False
149,occupancy_rate_roll_missing_1d,0.0025469970423728228,0.0009256915336096117,99.9787645750169,False
150,days_to_month_end,0.002544696908444166,0.000924855563065279,99.97968943057997,False
151,calendar_day_of_month,0.0025035992730408907,0.0009099188621146001,99.98059934944209,False
152,occupied_spaces_lag_1d,0.002492288826033473,0.0009058081447239146,99.98150515758681,False
153,occupied_spaces_roll_median_6h,0.0024688795674592257,0.0008973001833443949,99.98240245777015,False
154,occupied_spaces_roll_mean_2h,0.0024375985376536846,0.0008859312716527648,99.9832883890418,False
155,occupancy_rate_roll_min_3h,0.0023574356455355883,0.0008567965261823694,99.98414518556798,False
156,calendar_week_of_quarter,0.0023178327828645706,0.0008424030918471994,99.98498758865983,False
157,available_spaces_roll_std_1d,0.00231178873218596,0.0008402064161350496,99.98582779507596,False
158,available_spaces_roll_trend_1d,0.0023035595659166574,0.0008372155726368326,99.9866650106486,False
159,available_spaces_roll_median_12h,0.0022789323702454567,0.0008282649589729316,99.98749327560756,False
160,available_spaces_roll_trend_12h,0.0022004113998264074,0.0007997269605699145,99.98829300256813,False
161,available_spaces_roll_median_1h,0.002126353560015559,0.0007728110615053234,99.98906581362964,False
162,available_spaces_roll_mean_2h,0.002079123631119728,0.0007556456134955666,99.98982145924313,False
163,occupancy_rate_roll_trend_12h,0.0020606659818440676,0.000748937286245647,99.99057039652938,False
164,occupied_spaces_roll_min_1h,0.002041958272457123,0.0007421380760759365,99.99131253460546,False
165,occupied_spaces_roll_median_2h,0.0020323763601481915,0.0007386555847527804,99.99205119019021,False
166,available_spaces_roll_std_2h,0.0019404783379286528,0.0007052557732457977,99.99275644596345,False
167,occupied_spaces_roll_mean_12h,0.0018359781242907047,0.0006672757672168451,99.99342372173066,False
168,occupied_spaces_roll_trend_12h,0.0018255477771162987,0.0006634849170857583,99.99408720664775,False
169,is_thursday,0.0017592348158359528,0.0006393838499056368,99.99472659049765,False
170,occupancy_rate_roll_missing_3h,0.0017282775370404124,0.0006281326036702165,99.99535472310131,False
171,available_spaces_roll_median_3h,0.0016349065117537975,0.0005941974376082463,99.99594892053892,False
172,day_of_year_sin,0.0016267243772745132,0.0005912236875455951,99.99654014422647,False
173,calendar_day_of_week,0.001604839926585555,0.0005832699088864756,99.99712341413536,False
174,vacancy_ratio,0.0016025882214307785,0.0005824515395035178,99.99770586567486,False
175,occupied_spaces_roll_mean_6h,0.0014795996248722076,0.00053775203625685,99.99824361771111,False
176,is_moderate_demand,0.001464895554818213,0.0005324079259449257,99.99877602563706,False
177,available_spaces_roll_std_6h,0.0013049626722931862,0.000474281232887884,99.99925030686994,False
178,week_of_year,0.0008520782575942576,0.00030968297799553436,99.99955998984794,False
179,day_of_year_cos,0.0008453276823274791,0.0003072295199555401,99.9998672193679,False
180,is_high_demand,0.0003166116075590253,0.00011507068115276502,99.99998229004905,False
181,calendar_day_of_year,4.872810313827358e-05,1.7709950884722357e-05,99.99999999999993,False
182,occupancy_rate_roll_6h_available,0.0,0.0,99.99999999999993,False
183,occupancy_rate_roll_coverage_ratio_6h,0.0,0.0,99.99999999999993,False
184,has_capacity_violation,0.0,0.0,99.99999999999993,False
185,occupancy_rate_lag_12h,0.0,0.0,99.99999999999993,False
186,is_capacity_exceeded,0.0,0.0,99.99999999999993,False
187,occupancy_rate_roll_3h_available,0.0,0.0,99.99999999999993,False
188,occupancy_rate_roll_coverage_ratio_3h,0.0,0.0,99.99999999999993,False
189,occupancy_rate_roll_1h_available,0.0,0.0,99.99999999999993,False
190,occupancy_rate_roll_missing_2h,0.0,0.0,99.99999999999993,False
191,occupancy_rate_roll_coverage_ratio_2h,0.0,0.0,99.99999999999993,False
192,occupancy_rate_roll_2h_available,0.0,0.0,99.99999999999993,False
193,occupancy_rate_roll_missing_1h,0.0,0.0,99.99999999999993,False
194,occupancy_rate_roll_coverage_ratio_1h,0.0,0.0,99.99999999999993,False
195,available_spaces_lag_12h,0.0,0.0,99.99999999999993,False
196,has_valid_occupancy,0.0,0.0,99.99999999999993,False
197,has_consistency_issue,0.0,0.0,99.99999999999993,False
198,is_near_full,0.0,0.0,99.99999999999993,False
199,occupancy_capacity_difference,0.0,0.0,99.99999999999993,False
200,is_high_occupancy,0.0,0.0,99.99999999999993,False
201,has_valid_capacity,0.0,0.0,99.99999999999993,False
202,has_negative_values,0.0,0.0,99.99999999999993,False
203,available_spaces_roll_coverage_ratio_6h,0.0,0.0,99.99999999999993,False
204,is_weekend,0.0,0.0,99.99999999999993,False
205,is_monday,0.0,0.0,99.99999999999993,False
206,minutes_since_midnight,0.0,0.0,99.99999999999993,False
207,quarter,0.0,0.0,99.99999999999993,False
208,available_spaces_roll_count_12h,0.0,0.0,99.99999999999993,False
209,available_spaces_roll_12h_available,0.0,0.0,99.99999999999993,False
210,available_spaces_roll_coverage_ratio_12h,0.0,0.0,99.99999999999993,False
211,available_spaces_roll_missing_12h,0.0,0.0,99.99999999999993,False
212,is_low_demand,0.0,0.0,99.99999999999993,False
213,is_very_high_demand,0.0,0.0,99.99999999999993,False
214,is_critical_demand,0.0,0.0,99.99999999999993,False
215,occupancy_rate_consistent,0.0,0.0,99.99999999999993,False
216,space_count_consistent,0.0,0.0,99.99999999999993,False
217,available_spaces_roll_std_12h,0.0,0.0,99.99999999999993,False
218,available_spaces_roll_6h_available,0.0,0.0,99.99999999999993,False
219,is_zero_capacity,0.0,0.0,99.99999999999993,False
220,is_full,0.0,0.0,99.99999999999993,False
221,is_low_availability,0.0,0.0,99.99999999999993,False
222,is_critical_availability,0.0,0.0,99.99999999999993,False
223,availability_pressure,0.0,0.0,99.99999999999993,False
224,occupancy_state_valid,0.0,0.0,99.99999999999993,False
225,occupied_spaces_lag_12h,0.0,0.0,99.99999999999993,False
226,calendar_day_of_year_sin,0.0,0.0,99.99999999999993,False
227,calendar_quarter_sin,0.0,0.0,99.99999999999993,False
228,calendar_day_of_year_cos,0.0,0.0,99.99999999999993,False
229,calendar_quarter_cos,0.0,0.0,99.99999999999993,False
230,is_empty,0.0,0.0,99.99999999999993,False
231,is_low_occupancy,0.0,0.0,99.99999999999993,False
232,occupied_spaces_roll_missing_1h,0.0,0.0,99.99999999999993,False
233,occupied_spaces_roll_count_12h,0.0,0.0,99.99999999999993,False
234,occupied_spaces_roll_missing_6h,0.0,0.0,99.99999999999993,False
235,occupied_spaces_roll_coverage_ratio_6h,0.0,0.0,99.99999999999993,False
236,occupied_spaces_roll_6h_available,0.0,0.0,99.99999999999993,False
237,occupied_spaces_roll_3h_available,0.0,0.0,99.99999999999993,False
238,occupied_spaces_roll_coverage_ratio_3h,0.0,0.0,99.99999999999993,False
239,occupied_spaces_roll_missing_3h,0.0,0.0,99.99999999999993,False
240,occupied_spaces_roll_count_6h,0.0,0.0,99.99999999999993,False
241,occupied_spaces_roll_missing_2h,0.0,0.0,99.99999999999993,False
242,occupied_spaces_roll_count_2h,0.0,0.0,99.99999999999993,False
243,occupied_spaces_roll_1h_available,0.0,0.0,99.99999999999993,False
244,occupied_spaces_roll_coverage_ratio_1h,0.0,0.0,99.99999999999993,False
245,occupied_spaces_roll_coverage_ratio_2h,0.0,0.0,99.99999999999993,False
246,occupied_spaces_roll_2h_available,0.0,0.0,99.99999999999993,False
247,occupied_spaces_roll_count_3h,0.0,0.0,99.99999999999993,False
248,occupancy_rate_roll_coverage_ratio_12h,0.0,0.0,99.99999999999993,False
249,calendar_week_of_month,0.0,0.0,99.99999999999993,False
250,occupancy_rate_roll_1d_available,0.0,0.0,99.99999999999993,False
251,occupancy_rate_roll_12h_available,0.0,0.0,99.99999999999993,False
252,occupancy_rate_roll_coverage_ratio_1d,0.0,0.0,99.99999999999993,False
253,is_quarter_end,0.0,0.0,99.99999999999993,False
254,is_month_start,0.0,0.0,99.99999999999993,False
255,is_month_end,0.0,0.0,99.99999999999993,False
256,is_quarter_start,0.0,0.0,99.99999999999993,False
257,is_year_start,0.0,0.0,99.99999999999993,False
258,is_quarter_end_month,0.0,0.0,99.99999999999993,False
259,is_quarter_start_month,0.0,0.0,99.99999999999993,False
260,is_year_end,0.0,0.0,99.99999999999993,False
261,calendar_month_cos,0.0,0.0,99.99999999999993,False
262,calendar_month_sin,0.0,0.0,99.99999999999993,False
263,occupied_spaces_roll_count_1h,0.0,0.0,99.99999999999993,False
264,available_spaces_roll_count_1h,0.0,0.0,99.99999999999993,False
265,is_sunday,0.0,0.0,99.99999999999993,False
266,available_spaces_roll_missing_2h,0.0,0.0,99.99999999999993,False
267,available_spaces_roll_coverage_ratio_2h,0.0,0.0,99.99999999999993,False
268,available_spaces_roll_2h_available,0.0,0.0,99.99999999999993,False
269,available_spaces_roll_count_2h,0.0,0.0,99.99999999999993,False
270,available_spaces_roll_1h_available,0.0,0.0,99.99999999999993,False
271,available_spaces_roll_missing_1h,0.0,0.0,99.99999999999993,False
272,available_spaces_roll_coverage_ratio_1h,0.0,0.0,99.99999999999993,False
273,occupied_spaces_roll_1d_available,0.0,0.0,99.99999999999993,False
274,occupied_spaces_roll_coverage_ratio_12h,0.0,0.0,99.99999999999993,False
275,occupied_spaces_roll_12h_available,0.0,0.0,99.99999999999993,False
276,occupied_spaces_roll_missing_12h,0.0,0.0,99.99999999999993,False
277,occupied_spaces_roll_missing_1d,0.0,0.0,99.99999999999993,False
278,occupied_spaces_roll_coverage_ratio_1d,0.0,0.0,99.99999999999993,False
279,calendar_year,0.0,0.0,99.99999999999993,False
280,month_cos,0.0,0.0,99.99999999999993,False
281,available_spaces_roll_count_3h,0.0,0.0,99.99999999999993,False
282,calendar_month,0.0,0.0,99.99999999999993,False
283,calendar_quarter,0.0,0.0,99.99999999999993,False
284,calendar_week_of_year,0.0,0.0,99.99999999999993,False
285,hour_sin,0.0,0.0,99.99999999999993,False
286,month_sin,0.0,0.0,99.99999999999993,False
287,available_spaces_roll_missing_3h,0.0,0.0,99.99999999999993,False
288,available_spaces_roll_3h_available,0.0,0.0,99.99999999999993,False
289,available_spaces_roll_coverage_ratio_3h,0.0,0.0,99.99999999999993,False
290,available_spaces_roll_count_6h,0.0,0.0,99.99999999999993,False
291,available_spaces_roll_missing_6h,0.0,0.0,99.99999999999993,False
292,year,0.0,0.0,99.99999999999993,False
293,available_spaces_roll_count_1d,0.0,0.0,99.99999999999993,False
294,available_spaces_roll_missing_1d,0.0,0.0,99.99999999999993,False
295,available_spaces_roll_coverage_ratio_1d,0.0,0.0,99.99999999999993,False
296,available_spaces_roll_1d_available,0.0,0.0,99.99999999999993,False
