file,line,operation,negative,positive,centered
data\dataset_builder.py,1084,SHIFT,True,False,
data\dataset_builder.py,1090,SHIFT,True,False,
data\dataset_builder.py,1099,SHIFT,True,False,
data\dataset_builder.py,1108,SHIFT,True,False,
data\dataset_builder.py,1117,SHIFT,True,False,
data\temporal.py,529,DIFF,False,True,
data\temporal.py,618,SHIFT,False,True,
data\temporal.py,986,DIFF,False,True,
data\temporal_normalizer.py,1408,SHIFT,False,True,
data\temporal_normalizer.py,1412,SHIFT,False,True,
data\temporal_normalizer.py,1738,SHIFT,False,True,
features\lag_features.py,1227,DIFF,False,True,
features\rolling_features.py,1203,ROLLING,False,False,False
ml_models\baseline_model.py,876,SHIFT,False,False,
