rank,feature,importance,importance_type,feature_group,dtype,numeric,categorical,train_rows,train_non_null,train_nulls,train_unique_values,validation_non_null,validation_nulls,validation_unique_values,train_min,train_max,train_mean,validation_min,validation_max,validation_mean,constant_feature,train_validation_schema_match,target_correlation,target_dependency_status,prediction_time_status,future_lookup_status,audit_status,notes
1,demand_class_code,210.46160888671875,gain,demand,int64,True,False,23244,23244,0,6,4980,0,6,0.0,5.0,1.4838237824815006,0.0,5.0,1.7516064257028112,False,True,0.9488221772166752,REQUIRES_SOURCE_REVIEW,REQUIRES_SOURCE_REVIEW,NOT_DETERMINED_FROM_NAME,REVIEW,Feature is derived from occupancy/demand/availability information and requires source-level review. | Current operational feature requires verification against inference-time availability. | Priority feature selected for manual review.
2,availability_rate,22.250736236572266,gain,occupancy,float64,True,False,23244,23244,0,11223,4980,0,3828,0.0,1.0,0.5188707562176872,0.0,0.9921135646687698,0.46491434437049944,False,True,-0.9849194895332796,REQUIRES_SOURCE_REVIEW,REQUIRES_SOURCE_REVIEW,NOT_DETERMINED_FROM_NAME,REVIEW,Feature is derived from occupancy/demand/availability information and requires source-level review. | Current operational feature requires verification against inference-time availability. | Priority feature selected for manual review.
3,available_ratio,19.433942794799805,gain,occupancy,float64,True,False,23244,23244,0,11223,4980,0,3828,0.0,1.0,0.5188707562176872,0.0,0.9921135646687698,0.46491434437049944,False,True,-0.9849194895332796,NO_DIRECT_TARGET_DEPENDENCY_IDENTIFIED,REQUIRES_SOURCE_REVIEW,NOT_DETERMINED_FROM_NAME,REVIEW,Priority feature selected for manual review.
4,calculated_demand_level,7.350575447082519,gain,demand,float64,True,False,23244,23244,0,11248,4980,0,3855,0.0,1.0387596899224807,0.48119568781113603,0.007886435331230283,1.041343669250646,0.5354997890198177,False,True,0.98490618442166,REQUIRES_SOURCE_REVIEW,REQUIRES_SOURCE_REVIEW,NOT_DETERMINED_FROM_NAME,REVIEW,Feature is derived from occupancy/demand/availability information and requires source-level review. | Current operational feature requires verification against inference-time availability. | Priority feature selected for manual review.
5,occupied_ratio,4.891272068023682,gain,occupancy,float64,True,False,23244,23244,0,11223,4980,0,3828,0.0,1.0,0.48112924378231287,0.007886435331230283,1.0,0.5350856556295005,False,True,0.9849194895332796,REQUIRES_SOURCE_REVIEW,REQUIRES_SOURCE_REVIEW,NOT_DETERMINED_FROM_NAME,REVIEW,Feature is derived from occupancy/demand/availability information and requires source-level review. | Current operational feature requires verification against inference-time availability. | Priority feature selected for manual review.
6,remaining_capacity_ratio,4.231770038604736,gain,occupancy,float64,True,False,23244,23244,0,11248,4980,0,3855,-0.03875968992248069,1.0,0.5188043121888639,-0.04134366925064592,0.9921135646687698,0.4645002109801824,False,True,-0.98490618442166,NO_DIRECT_TARGET_DEPENDENCY_IDENTIFIED,REQUIRES_SOURCE_REVIEW,NOT_DETERMINED_FROM_NAME,REVIEW,Priority feature selected for manual review.
7,capacity_utilization,3.136606216430664,gain,occupancy,float64,True,False,23244,23244,0,11223,4980,0,3828,0.0,1.0,0.48112924378231287,0.007886435331230283,1.0,0.5350856556295005,False,True,0.9849194895332796,NO_DIRECT_TARGET_DEPENDENCY_IDENTIFIED,REQUIRES_SOURCE_REVIEW,NOT_DETERMINED_FROM_NAME,REVIEW,Priority feature selected for manual review.
8,is_moderate_occupancy,2.095574378967285,gain,occupancy,bool,True,False,23244,23244,0,2,4980,0,2,0.0,1.0,0.3900791602133884,0.0,1.0,0.33674698795180724,False,True,-0.1690770007134739,REQUIRES_SOURCE_REVIEW,REQUIRES_SOURCE_REVIEW,NOT_DETERMINED_FROM_NAME,REVIEW,Feature is derived from occupancy/demand/availability information and requires source-level review. | Current operational feature requires verification against inference-time availability. | Priority feature selected for manual review.
9,demand_pressure,1.0229370594024658,gain,demand,float64,True,False,23244,23244,0,11248,4980,0,3855,0.0,1.0387596899224807,0.48119568781113603,0.007886435331230283,1.041343669250646,0.5354997890198177,False,True,0.98490618442166,REQUIRES_SOURCE_REVIEW,REQUIRES_SOURCE_REVIEW,NOT_DETERMINED_FROM_NAME,REVIEW,Feature is derived from occupancy/demand/availability information and requires source-level review. | Current operational feature requires verification against inference-time availability. | Priority feature selected for manual review.
10,demand_level,0.4330626428127289,gain,demand,float64,True,False,23244,23244,0,11223,4980,0,3828,0.0,1.0,0.48112924378231287,0.007886435331230283,1.0,0.5350856556295005,False,True,0.9849194895332796,REQUIRES_SOURCE_REVIEW,REQUIRES_SOURCE_REVIEW,NOT_DETERMINED_FROM_NAME,REVIEW,Feature is derived from occupancy/demand/availability information and requires source-level review. | Current operational feature requires verification against inference-time availability. | Priority feature selected for manual review.
11,occupancy_rate_roll_missing_6h,0.3161071836948395,gain,occupancy,int64,True,False,23244,23244,0,12,4980,0,12,0.0,11.0,3.895628979521597,0.0,11.0,3.9720883534136546,False,True,-0.3076755816593199,NO_DIRECT_TARGET_DEPENDENCY_IDENTIFIED,LIKELY_AVAILABLE_AT_PREDICTION_TIME,NO_FUTURE_LOOKUP_BY_NAMING,PASS,Feature appears to be historical lag/rolling derived. | Historical feature family based on naming.
12,occupancy_rate_roll_count_6h,0.1870456635951995,gain,occupancy,int64,True,False,23244,23244,0,13,4980,0,13,1.0,13.0,8.38470142832559,1.0,13.0,8.30421686746988,False,True,0.2951113829748571,NO_DIRECT_TARGET_DEPENDENCY_IDENTIFIED,LIKELY_AVAILABLE_AT_PREDICTION_TIME,NO_FUTURE_LOOKUP_BY_NAMING,PASS,Feature appears to be historical lag/rolling derived. | Historical feature family based on naming.
13,available_spaces_roll_min_12h,0.1754826307296753,gain,rolling,float64,True,False,23244,23244,0,2936,4980,0,1574,-15.0,4151.0,757.2293064876958,-16.0,4055.0,686.1831325301205,False,True,-0.5122449144137401,NO_DIRECT_TARGET_DEPENDENCY_IDENTIFIED,LIKELY_AVAILABLE_AT_PREDICTION_TIME,NO_FUTURE_LOOKUP_BY_NAMING,PASS,Feature appears to be historical lag/rolling derived. | Historical feature family based on naming.
14,demand_class,0.1617374867200851,gain,demand,str,False,True,23244,23244,0,6,4980,0,6,,,,,,,False,True,,REQUIRES_SOURCE_REVIEW,REQUIRES_SOURCE_REVIEW,NOT_DETERMINED_FROM_NAME,REVIEW,Feature is derived from occupancy/demand/availability information and requires source-level review. | Current operational feature requires verification against inference-time availability.
15,occupancy_rate_roll_trend_1h,0.1610279083251953,gain,occupancy,float64,True,False,23244,23244,0,11390,4980,0,3714,-1.0,0.8181818181818181,0.037236661470672804,-0.23871906841339163,0.6465346534653464,0.044988000679164766,False,True,0.20443606497823377,NO_DIRECT_TARGET_DEPENDENCY_IDENTIFIED,LIKELY_AVAILABLE_AT_PREDICTION_TIME,NO_FUTURE_LOOKUP_BY_NAMING,PASS,Feature appears to be historical lag/rolling derived. | Historical feature family based on naming.
16,occupancy_rate_roll_max_2h,0.1113276481628418,gain,occupancy,float64,True,False,23244,23244,0,9745,4980,0,3083,0.0,1.0,0.49599432073736766,0.007886435331230283,1.0,0.551728912725966,False,True,0.9665914393184124,NO_DIRECT_TARGET_DEPENDENCY_IDENTIFIED,LIKELY_AVAILABLE_AT_PREDICTION_TIME,NO_FUTURE_LOOKUP_BY_NAMING,PASS,Feature appears to be historical lag/rolling derived. | Historical feature family based on naming.
17,occupancy_rate_roll_max_1h,0.1047073155641555,gain,occupancy,float64,True,False,23244,23244,0,10327,4980,0,3378,0.0,1.0,0.49179303648907086,0.007886435331230283,1.0,0.5470983125553937,False,True,0.973462005388466,NO_DIRECT_TARGET_DEPENDENCY_IDENTIFIED,LIKELY_AVAILABLE_AT_PREDICTION_TIME,NO_FUTURE_LOOKUP_BY_NAMING,PASS,Feature appears to be historical lag/rolling derived. | Historical feature family based on naming.
18,occupancy_rate_lag_2h,0.0846681967377662,gain,occupancy,float64,True,False,23244,17777,5467,9690,3773,1207,3054,0.0,1.0,0.45864703421583175,0.007886435331230283,1.0,0.5068304429686323,False,True,0.8035595179030727,NO_DIRECT_TARGET_DEPENDENCY_IDENTIFIED,LIKELY_AVAILABLE_AT_PREDICTION_TIME,NO_FUTURE_LOOKUP_BY_NAMING,PASS,Feature appears to be historical lag/rolling derived. | Historical feature family based on naming. | Training data contains missing values. | Validation data contains missing values.
19,occupancy_rate_lag_3h,0.0787728577852249,gain,occupancy,float64,True,False,23244,15003,8241,8761,3180,1800,2660,0.0,1.0,0.4348826236808973,0.007886435331230283,1.0,0.4765021841658091,False,True,0.7123557453467158,NO_DIRECT_TARGET_DEPENDENCY_IDENTIFIED,LIKELY_AVAILABLE_AT_PREDICTION_TIME,NO_FUTURE_LOOKUP_BY_NAMING,PASS,Feature appears to be historical lag/rolling derived. | Historical feature family based on naming. | Training data contains missing values. | Validation data contains missing values.
20,occupancy_rate_lag_1h,0.0783648416399955,gain,occupancy,float64,True,False,23244,20513,2731,10475,4363,617,3424,0.0,1.0,0.47448738885237396,0.007886435331230283,1.0,0.5267457254045824,False,True,0.9034916379363012,NO_DIRECT_TARGET_DEPENDENCY_IDENTIFIED,LIKELY_AVAILABLE_AT_PREDICTION_TIME,NO_FUTURE_LOOKUP_BY_NAMING,PASS,Feature appears to be historical lag/rolling derived. | Historical feature family based on naming. | Training data contains missing values. | Validation data contains missing values.
21,occupancy_rate_roll_max_3h,0.073403924703598,gain,occupancy,float64,True,False,23244,23244,0,9395,4980,0,2940,0.0,1.0,0.4971917697858782,0.007886435331230283,1.0,0.5526696197897956,False,True,0.9643572884395921,NO_DIRECT_TARGET_DEPENDENCY_IDENTIFIED,LIKELY_AVAILABLE_AT_PREDICTION_TIME,NO_FUTURE_LOOKUP_BY_NAMING,PASS,Feature appears to be historical lag/rolling derived. | Historical feature family based on naming.
22,hour,0.0701688304543495,gain,temporal,int64,True,False,23244,23244,0,10,4980,0,10,7.0,16.0,11.783600068834968,7.0,16.0,11.726907630522089,False,True,0.24538898414529792,NO_DIRECT_TARGET_DEPENDENCY_IDENTIFIED,AVAILABLE_AT_PREDICTION_TIME,NOT_DETERMINED_FROM_NAME,PASS,Calendar/time feature.
23,occupancy_rate_roll_max_6h,0.065207652747631,gain,occupancy,float64,True,False,23244,23244,0,9269,4980,0,2887,0.0,1.0,0.49765754125366585,0.007886435331230283,1.0,0.5529856795336868,False,True,0.9634874863573827,NO_DIRECT_TARGET_DEPENDENCY_IDENTIFIED,LIKELY_AVAILABLE_AT_PREDICTION_TIME,NO_FUTURE_LOOKUP_BY_NAMING,PASS,Feature appears to be historical lag/rolling derived. | Historical feature family based on naming.
24,occupancy_rate_roll_count_12h,0.0650955960154533,gain,occupancy,int64,True,False,23244,23244,0,17,4980,0,17,1.0,17.0,8.951729478575116,1.0,17.0,8.859036144578313,False,True,0.25436183120344813,NO_DIRECT_TARGET_DEPENDENCY_IDENTIFIED,LIKELY_AVAILABLE_AT_PREDICTION_TIME,NO_FUTURE_LOOKUP_BY_NAMING,PASS,Feature appears to be historical lag/rolling derived. | Historical feature family based on naming.
25,occupancy_rate_roll_trend_2h,0.0649150982499122,gain,occupancy,float64,True,False,23244,23244,0,13792,4980,0,4096,-0.9305993690851735,0.899009900990099,0.08062521692688564,-0.3475247524752475,0.9089108910891089,0.0966345082581329,False,True,0.34580012751646355,NO_DIRECT_TARGET_DEPENDENCY_IDENTIFIED,LIKELY_AVAILABLE_AT_PREDICTION_TIME,NO_FUTURE_LOOKUP_BY_NAMING,PASS,Feature appears to be historical lag/rolling derived. | Historical feature family based on naming.
26,half_hour_slot,0.0575591921806335,gain,temporal,int64,True,False,23244,23244,0,18,4980,0,18,15.0,32.0,24.038977800722765,15.0,32.0,23.922088353413656,False,True,0.2507393664627164,NO_DIRECT_TARGET_DEPENDENCY_IDENTIFIED,REQUIRES_SOURCE_REVIEW,NOT_DETERMINED_FROM_NAME,REVIEW,
27,occupied_spaces_roll_trend_1h,0.0527077876031398,gain,occupancy,float64,True,False,23244,23244,0,1084,4980,0,743,-590.0,1213.0,48.91511787988298,-570.0,1327.0,60.92329317269076,False,True,0.0907578417875351,NO_DIRECT_TARGET_DEPENDENCY_IDENTIFIED,LIKELY_AVAILABLE_AT_PREDICTION_TIME,NO_FUTURE_LOOKUP_BY_NAMING,PASS,Feature appears to be historical lag/rolling derived. | Historical feature family based on naming.
28,available_spaces_roll_trend_1h,0.0509756579995155,gain,rolling,float64,True,False,23244,23244,0,1084,4980,0,743,-1213.0,590.0,-48.91511787988298,-1327.0,570.0,-60.92329317269076,False,True,-0.0907578417875351,NO_DIRECT_TARGET_DEPENDENCY_IDENTIFIED,LIKELY_AVAILABLE_AT_PREDICTION_TIME,NO_FUTURE_LOOKUP_BY_NAMING,PASS,Feature appears to be historical lag/rolling derived. | Historical feature family based on naming.
29,occupancy_rate_roll_std_1h,0.0488656461238861,gain,occupancy,float64,True,False,23244,23244,0,21083,4980,0,4519,0.0,0.46274017261332834,0.02447839358764232,0.0,0.2639475954994678,0.028728251567913587,False,True,0.316116365258425,NO_DIRECT_TARGET_DEPENDENCY_IDENTIFIED,LIKELY_AVAILABLE_AT_PREDICTION_TIME,NO_FUTURE_LOOKUP_BY_NAMING,PASS,Feature appears to be historical lag/rolling derived. | Historical feature family based on naming.
30,occupancy_rate_roll_trend_3h,0.0469619929790496,gain,occupancy,float64,True,False,23244,23244,0,14739,4980,0,4159,-0.7886435331230284,0.9643564356435643,0.12581223559511723,-0.38514851485148516,0.9485148514851485,0.1506325663617648,False,True,0.4739587081892524,NO_DIRECT_TARGET_DEPENDENCY_IDENTIFIED,LIKELY_AVAILABLE_AT_PREDICTION_TIME,NO_FUTURE_LOOKUP_BY_NAMING,PASS,Feature appears to be historical lag/rolling derived. | Historical feature family based on naming.
31,occupancy_within_capacity,0.0403246991336345,gain,occupancy,bool,True,False,23244,23244,0,2,4980,0,2,0.0,1.0,0.9948373773877129,0.0,1.0,0.9771084337349397,False,True,-0.13513152804730963,REQUIRES_SOURCE_REVIEW,REQUIRES_SOURCE_REVIEW,NOT_DETERMINED_FROM_NAME,REVIEW,Feature is derived from occupancy/demand/availability information and requires source-level review. | Current operational feature requires verification against inference-time availability.
32,available_spaces_lag_6h,0.0382019132375717,gain,lag,float64,True,False,23244,6709,16535,2273,1403,3577,993,1.0,4151.0,1005.9455954687733,-6.0,4055.0,998.8503207412687,False,True,-0.28900219880827727,NO_DIRECT_TARGET_DEPENDENCY_IDENTIFIED,LIKELY_AVAILABLE_AT_PREDICTION_TIME,NO_FUTURE_LOOKUP_BY_NAMING,PASS,Feature appears to be historical lag/rolling derived. | Historical feature family based on naming. | Training data contains missing values. | Validation data contains missing values.
33,occupied_spaces_roll_median_12h,0.0379999615252018,gain,occupancy,float64,True,False,23244,23244,0,3482,4980,0,2058,0.0,3384.0,509.49645069695407,10.0,3608.0,568.3394578313253,False,True,0.30698508711657685,NO_DIRECT_TARGET_DEPENDENCY_IDENTIFIED,LIKELY_AVAILABLE_AT_PREDICTION_TIME,NO_FUTURE_LOOKUP_BY_NAMING,PASS,Feature appears to be historical lag/rolling derived. | Historical feature family based on naming.
34,occupancy_rate_roll_median_1d,0.0366846360266208,gain,occupancy,float64,True,False,23244,23244,0,5520,4980,0,1453,0.00625,1.0,0.5058630961432585,0.019064124783362217,1.0,0.5727981394070834,False,True,0.7700295090145516,NO_DIRECT_TARGET_DEPENDENCY_IDENTIFIED,LIKELY_AVAILABLE_AT_PREDICTION_TIME,NO_FUTURE_LOOKUP_BY_NAMING,PASS,Feature appears to be historical lag/rolling derived. | Historical feature family based on naming.
35,occupancy_rate_roll_missing_12h,0.0361235775053501,gain,occupancy,int64,True,False,23244,23244,0,17,4980,0,17,7.0,23.0,15.048270521424884,7.0,23.0,15.140963855421687,False,True,-0.25436183120344813,NO_DIRECT_TARGET_DEPENDENCY_IDENTIFIED,LIKELY_AVAILABLE_AT_PREDICTION_TIME,NO_FUTURE_LOOKUP_BY_NAMING,PASS,Feature appears to be historical lag/rolling derived. | Historical feature family based on naming.
36,occupancy_rate_lag_6h,0.0312123168259859,gain,occupancy,float64,True,False,23244,6709,16535,4645,1403,3577,1257,0.0,0.998,0.3154029481123032,0.007886435331230283,1.0,0.3335581208515337,False,True,0.5751307054062761,NO_DIRECT_TARGET_DEPENDENCY_IDENTIFIED,LIKELY_AVAILABLE_AT_PREDICTION_TIME,NO_FUTURE_LOOKUP_BY_NAMING,PASS,Feature appears to be historical lag/rolling derived. | Historical feature family based on naming. | Training data contains missing values. | Validation data contains missing values.
37,occupancy_rate_lag_30m,0.0284906644374132,gain,occupancy,float64,True,False,23244,21806,1438,10816,4656,324,3615,0.0,1.0,0.4798871805173229,0.007886435331230283,1.0,0.5323372205975289,False,True,0.9493787867700466,NO_DIRECT_TARGET_DEPENDENCY_IDENTIFIED,LIKELY_AVAILABLE_AT_PREDICTION_TIME,NO_FUTURE_LOOKUP_BY_NAMING,PASS,Feature appears to be historical lag/rolling derived. | Historical feature family based on naming. | Training data contains missing values. | Validation data contains missing values.
38,occupancy_rate_roll_mean_1d,0.0258554946631193,gain,occupancy,float64,True,False,23244,23244,0,21676,4980,0,4787,0.009895833333333333,0.9261525907792737,0.47220939942848666,0.019064124783362217,1.0,0.5264587367641139,False,True,0.8098641527653514,NO_DIRECT_TARGET_DEPENDENCY_IDENTIFIED,LIKELY_AVAILABLE_AT_PREDICTION_TIME,NO_FUTURE_LOOKUP_BY_NAMING,PASS,Feature appears to be historical lag/rolling derived. | Historical feature family based on naming.
39,available_spaces_roll_trend_2h,0.0236055329442024,gain,rolling,float64,True,False,23244,23244,0,1579,4980,0,1032,-2167.0,976.0,-106.1402512476338,-2149.0,1003.0,-131.49196787148594,False,True,-0.1752294636722009,NO_DIRECT_TARGET_DEPENDENCY_IDENTIFIED,LIKELY_AVAILABLE_AT_PREDICTION_TIME,NO_FUTURE_LOOKUP_BY_NAMING,PASS,Feature appears to be historical lag/rolling derived. | Historical feature family based on naming.
40,occupancy_rate_roll_max_1d,0.0232823211699724,gain,occupancy,float64,True,False,23244,23244,0,4229,4980,0,1080,0.010416666666666666,1.0,0.6301842473062127,0.019064124783362217,1.0,0.696695166394013,False,True,0.7933718734569527,NO_DIRECT_TARGET_DEPENDENCY_IDENTIFIED,LIKELY_AVAILABLE_AT_PREDICTION_TIME,NO_FUTURE_LOOKUP_BY_NAMING,PASS,Feature appears to be historical lag/rolling derived. | Historical feature family based on naming.
41,day_of_week_sin,0.0226617474108934,gain,temporal,float64,True,False,23244,23244,0,7,4980,0,7,-0.9749279121818236,0.9749279121818236,0.05215906532665528,-0.9749279121818236,0.9749279121818236,0.20042582579618434,False,True,0.2401734832715926,NO_DIRECT_TARGET_DEPENDENCY_IDENTIFIED,REQUIRES_SOURCE_REVIEW,NOT_DETERMINED_FROM_NAME,REVIEW,
42,occupied_spaces_lag_6h,0.0205466896295547,gain,occupancy,float64,True,False,23244,6709,16535,1318,1403,3577,757,0.0,3091.0,395.2905052913996,10.0,3031.0,427.95794725588024,False,True,0.13688759283657634,NO_DIRECT_TARGET_DEPENDENCY_IDENTIFIED,LIKELY_AVAILABLE_AT_PREDICTION_TIME,NO_FUTURE_LOOKUP_BY_NAMING,PASS,Feature appears to be historical lag/rolling derived. | Historical feature family based on naming. | Training data contains missing values. | Validation data contains missing values.
43,occupied_spaces_lag_2h,0.0204772129654884,gain,occupancy,float64,True,False,23244,17777,5467,2308,3773,1207,1473,0.0,3849.0,588.9990999606233,10.0,4153.0,673.4529552080572,False,True,0.23738151072279057,NO_DIRECT_TARGET_DEPENDENCY_IDENTIFIED,LIKELY_AVAILABLE_AT_PREDICTION_TIME,NO_FUTURE_LOOKUP_BY_NAMING,PASS,Feature appears to be historical lag/rolling derived. | Historical feature family based on naming. | Training data contains missing values. | Validation data contains missing values.
44,calendar_day_of_week_sin,0.0186874233186244,gain,temporal,float64,True,False,23244,23244,0,7,4980,0,7,-0.9749279121818236,0.9749279121818236,0.05215906532665528,-0.9749279121818236,0.9749279121818236,0.20042582579618434,False,True,0.2401734832715926,NO_DIRECT_TARGET_DEPENDENCY_IDENTIFIED,REQUIRES_SOURCE_REVIEW,NOT_DETERMINED_FROM_NAME,REVIEW,
45,occupied_spaces_roll_trend_2h,0.018064972013235,gain,occupancy,float64,True,False,23244,23244,0,1579,4980,0,1032,-976.0,2167.0,106.1402512476338,-1003.0,2149.0,131.49196787148594,False,True,0.1752294636722009,NO_DIRECT_TARGET_DEPENDENCY_IDENTIFIED,LIKELY_AVAILABLE_AT_PREDICTION_TIME,NO_FUTURE_LOOKUP_BY_NAMING,PASS,Feature appears to be historical lag/rolling derived. | Historical feature family based on naming.
46,demand_excess_pressure,0.0175810363143682,gain,demand,float64,True,False,23244,23244,0,26,4980,0,28,0.0,0.03875968992248069,6.644402882321613e-05,0.0,0.04134366925064592,0.0004141333903171136,False,True,0.09039765448537745,REQUIRES_SOURCE_REVIEW,REQUIRES_SOURCE_REVIEW,NOT_DETERMINED_FROM_NAME,REVIEW,Feature is derived from occupancy/demand/availability information and requires source-level review. | Current operational feature requires verification against inference-time availability.
47,occupied_spaces_lag_3h,0.0171425249427557,gain,occupancy,float64,True,False,23244,15003,8241,2130,3180,1800,1334,0.0,3694.0,555.880690528561,10.0,3915.0,629.6100628930818,False,True,0.19487665198854703,NO_DIRECT_TARGET_DEPENDENCY_IDENTIFIED,LIKELY_AVAILABLE_AT_PREDICTION_TIME,NO_FUTURE_LOOKUP_BY_NAMING,PASS,Feature appears to be historical lag/rolling derived. | Historical feature family based on naming. | Training data contains missing values. | Validation data contains missing values.
48,calendar_day_of_month,0.0165412221103906,gain,temporal,int64,True,False,23244,23244,0,31,4980,0,12,1.0,31.0,15.240965410428498,1.0,30.0,15.498192771084337,False,True,0.0016683873081720058,NO_DIRECT_TARGET_DEPENDENCY_IDENTIFIED,REQUIRES_SOURCE_REVIEW,NOT_DETERMINED_FROM_NAME,REVIEW,
49,available_spaces_roll_min_1d,0.0151117071509361,gain,rolling,float64,True,False,23244,23244,0,1776,4980,0,741,-15.0,3999.0,581.9308208569954,-16.0,4055.0,486.99357429718873,False,True,-0.46988744473769634,NO_DIRECT_TARGET_DEPENDENCY_IDENTIFIED,LIKELY_AVAILABLE_AT_PREDICTION_TIME,NO_FUTURE_LOOKUP_BY_NAMING,PASS,Feature appears to be historical lag/rolling derived. | Historical feature family based on naming.
50,available_spaces_lag_2h,0.0142344078049063,gain,lag,float64,True,False,23244,17777,5467,2970,3773,1207,1605,-15.0,4151.0,808.5783315520054,-16.0,4055.0,751.8971640604294,False,True,-0.4285042673471193,NO_DIRECT_TARGET_DEPENDENCY_IDENTIFIED,LIKELY_AVAILABLE_AT_PREDICTION_TIME,NO_FUTURE_LOOKUP_BY_NAMING,PASS,Feature appears to be historical lag/rolling derived. | Historical feature family based on naming. | Training data contains missing values. | Validation data contains missing values.
51,available_spaces_roll_std_1h,0.0131596587598323,gain,rolling,float64,True,False,23244,23244,0,18325,4980,0,4286,0.0,495.3290713141,31.678987645757424,0.0,541.7496346714657,39.01981045185721,False,True,0.11951516232453883,NO_DIRECT_TARGET_DEPENDENCY_IDENTIFIED,LIKELY_AVAILABLE_AT_PREDICTION_TIME,NO_FUTURE_LOOKUP_BY_NAMING,PASS,Feature appears to be historical lag/rolling derived. | Historical feature family based on naming.
52,is_friday,0.013148876838386,gain,temporal,bool,True,False,23244,23244,0,2,4980,0,2,0.0,1.0,0.13336775081741525,0.0,1.0,0.10140562248995984,False,True,0.044551172057707665,NO_DIRECT_TARGET_DEPENDENCY_IDENTIFIED,REQUIRES_SOURCE_REVIEW,NOT_DETERMINED_FROM_NAME,REVIEW,
53,occupancy_rate_roll_min_12h,0.0124081596732139,gain,occupancy,float64,True,False,23244,23244,0,1214,4980,0,326,0.0,0.6350515463917525,0.20815979422331174,0.007886435331230283,1.0,0.21748057157577783,False,True,0.6529071769501608,NO_DIRECT_TARGET_DEPENDENCY_IDENTIFIED,LIKELY_AVAILABLE_AT_PREDICTION_TIME,NO_FUTURE_LOOKUP_BY_NAMING,PASS,Feature appears to be historical lag/rolling derived. | Historical feature family based on naming.
54,occupied_spaces_roll_max_6h,0.0121660595759749,gain,occupancy,float64,True,False,23244,23244,0,2233,4980,0,1430,0.0,3949.0,640.7013422818792,10.0,4327.0,735.8991967871486,False,True,0.31483314221187536,NO_DIRECT_TARGET_DEPENDENCY_IDENTIFIED,LIKELY_AVAILABLE_AT_PREDICTION_TIME,NO_FUTURE_LOOKUP_BY_NAMING,PASS,Feature appears to be historical lag/rolling derived. | Historical feature family based on naming.
55,available_spaces_roll_max_1h,0.0121098086237907,gain,rolling,float64,True,False,23244,23244,0,3027,4980,0,1681,-15.0,4151.0,839.6242471175357,-15.0,4055.0,787.3283132530121,False,True,-0.46841743294049015,NO_DIRECT_TARGET_DEPENDENCY_IDENTIFIED,LIKELY_AVAILABLE_AT_PREDICTION_TIME,NO_FUTURE_LOOKUP_BY_NAMING,PASS,Feature appears to be historical lag/rolling derived. | Historical feature family based on naming.
56,available_spaces_roll_mean_1h,0.0121098021045327,gain,rolling,float64,True,False,23244,23244,0,7219,4980,0,3103,-15.0,4151.0,801.0035636436643,-15.0,4055.0,739.6920013386881,False,True,-0.49154449754130153,NO_DIRECT_TARGET_DEPENDENCY_IDENTIFIED,LIKELY_AVAILABLE_AT_PREDICTION_TIME,NO_FUTURE_LOOKUP_BY_NAMING,PASS,Feature appears to be historical lag/rolling derived. | Historical feature family based on naming.
57,available_spaces_roll_min_1h,0.0119383381679654,gain,rolling,float64,True,False,23244,23244,0,3022,4980,0,1679,-15.0,4151.0,763.910514541387,-16.0,4055.0,693.6973895582329,False,True,-0.5122315713749095,NO_DIRECT_TARGET_DEPENDENCY_IDENTIFIED,LIKELY_AVAILABLE_AT_PREDICTION_TIME,NO_FUTURE_LOOKUP_BY_NAMING,PASS,Feature appears to be historical lag/rolling derived. | Historical feature family based on naming.
58,occupied_spaces_roll_median_1d,0.0117721231654286,gain,occupancy,float64,True,False,23244,23244,0,2224,4980,0,1047,3.0,3273.0,655.626871450697,11.0,3608.0,763.7271084337349,False,True,0.16964832968667243,NO_DIRECT_TARGET_DEPENDENCY_IDENTIFIED,LIKELY_AVAILABLE_AT_PREDICTION_TIME,NO_FUTURE_LOOKUP_BY_NAMING,PASS,Feature appears to be historical lag/rolling derived. | Historical feature family based on naming.
59,occupied_spaces_roll_max_1d,0.0117018837481737,gain,occupancy,float64,True,False,23244,23244,0,1860,4980,0,850,5.0,3949.0,816.0038719669592,11.0,4327.0,935.0903614457832,False,True,0.14157496600247343,NO_DIRECT_TARGET_DEPENDENCY_IDENTIFIED,LIKELY_AVAILABLE_AT_PREDICTION_TIME,NO_FUTURE_LOOKUP_BY_NAMING,PASS,Feature appears to be historical lag/rolling derived. | Historical feature family based on naming.
60,occupancy_rate_roll_std_1d,0.0114591903984546,gain,occupancy,float64,True,False,23244,23244,0,22976,4980,0,4840,0.0,0.4274699350835497,0.13567982228926714,0.0,0.4222545005202405,0.15528080716764922,False,True,0.43560323258733763,NO_DIRECT_TARGET_DEPENDENCY_IDENTIFIED,LIKELY_AVAILABLE_AT_PREDICTION_TIME,NO_FUTURE_LOOKUP_BY_NAMING,PASS,Feature appears to be historical lag/rolling derived. | Historical feature family based on naming.
61,day_of_week,0.0114558497443795,gain,temporal,int64,True,False,23244,23244,0,7,4980,0,7,0.0,6.0,2.8915849251419723,0.0,6.0,2.471686746987952,False,True,-0.2218811817873039,NO_DIRECT_TARGET_DEPENDENCY_IDENTIFIED,AVAILABLE_AT_PREDICTION_TIME,NOT_DETERMINED_FROM_NAME,PASS,Calendar/time feature.
62,is_saturday,0.0108457207679748,gain,temporal,bool,True,False,23244,23244,0,2,4980,0,2,0.0,1.0,0.1326363792806746,0.0,1.0,0.09497991967871486,False,True,-0.11661031632763219,NO_DIRECT_TARGET_DEPENDENCY_IDENTIFIED,REQUIRES_SOURCE_REVIEW,NOT_DETERMINED_FROM_NAME,REVIEW,
63,occupied_spaces_roll_max_3h,0.0108169401064515,gain,occupancy,float64,True,False,23244,23244,0,2256,4980,0,1447,0.0,3949.0,640.3604801239029,10.0,4327.0,735.5961847389558,False,True,0.3150011779842696,NO_DIRECT_TARGET_DEPENDENCY_IDENTIFIED,LIKELY_AVAILABLE_AT_PREDICTION_TIME,NO_FUTURE_LOOKUP_BY_NAMING,PASS,Feature appears to be historical lag/rolling derived. | Historical feature family based on naming.
64,available_spaces_roll_median_1d,0.0104110883548855,gain,rolling,float64,True,False,23244,23244,0,2606,4980,0,1052,-12.0,3999.0,742.3078213732576,-13.0,4055.0,658.3568273092369,False,True,-0.41369051931933454,NO_DIRECT_TARGET_DEPENDENCY_IDENTIFIED,LIKELY_AVAILABLE_AT_PREDICTION_TIME,NO_FUTURE_LOOKUP_BY_NAMING,PASS,Feature appears to be historical lag/rolling derived. | Historical feature family based on naming.
65,occupancy_rate_roll_count_3h,0.0103704361245036,gain,occupancy,int64,True,False,23244,23244,0,7,4980,0,7,1.0,7.0,5.760325245224574,1.0,7.0,5.722289156626506,False,True,0.34920273498877485,NO_DIRECT_TARGET_DEPENDENCY_IDENTIFIED,LIKELY_AVAILABLE_AT_PREDICTION_TIME,NO_FUTURE_LOOKUP_BY_NAMING,PASS,Feature appears to be historical lag/rolling derived. | Historical feature family based on naming.
66,occupied_spaces_roll_trend_6h,0.0103280702605843,gain,occupancy,float64,True,False,23244,23244,0,2035,4980,0,1288,-423.0,3325.0,315.0593701600413,-328.0,3436.0,385.6307228915663,False,True,0.34936937788622907,NO_DIRECT_TARGET_DEPENDENCY_IDENTIFIED,LIKELY_AVAILABLE_AT_PREDICTION_TIME,NO_FUTURE_LOOKUP_BY_NAMING,PASS,Feature appears to be historical lag/rolling derived. | Historical feature family based on naming.
67,occupied_spaces_roll_mean_3h,0.0102019626647233,gain,occupancy,float64,True,False,23244,23244,0,11380,4980,0,3983,0.0,3844.285714285714,549.8835708754333,10.0,4177.571428571428,622.8959963664181,False,True,0.3069130694494426,NO_DIRECT_TARGET_DEPENDENCY_IDENTIFIED,LIKELY_AVAILABLE_AT_PREDICTION_TIME,NO_FUTURE_LOOKUP_BY_NAMING,PASS,Feature appears to be historical lag/rolling derived. | Historical feature family based on naming.
68,occupancy_rate_roll_median_2h,0.0101924249902367,gain,occupancy,float64,True,False,23244,23244,0,11591,4980,0,3650,0.0,1.0,0.44886904702555086,0.007886435331230283,1.0,0.4953700739610882,False,True,0.9248355293387359,NO_DIRECT_TARGET_DEPENDENCY_IDENTIFIED,LIKELY_AVAILABLE_AT_PREDICTION_TIME,NO_FUTURE_LOOKUP_BY_NAMING,PASS,Feature appears to be historical lag/rolling derived. | Historical feature family based on naming.
69,occupancy_rate_lag_1d,0.0097074713557958,gain,occupancy,float64,True,False,23244,21816,1428,10829,4380,600,3487,0.0,1.0,0.4802527615682841,0.007886435331230283,1.0,0.5432329486850952,False,True,0.7808586984165798,NO_DIRECT_TARGET_DEPENDENCY_IDENTIFIED,LIKELY_AVAILABLE_AT_PREDICTION_TIME,NO_FUTURE_LOOKUP_BY_NAMING,PASS,Feature appears to be historical lag/rolling derived. | Historical feature family based on naming. | Training data contains missing values. | Validation data contains missing values.
70,available_spaces_roll_std_1d,0.0096495347097516,gain,rolling,float64,True,False,23244,23244,0,22981,4980,0,4906,0.0,1378.1727896846428,177.88426234699978,0.0,1432.7369561770834,212.93028295505601,False,True,0.07180069861603841,NO_DIRECT_TARGET_DEPENDENCY_IDENTIFIED,LIKELY_AVAILABLE_AT_PREDICTION_TIME,NO_FUTURE_LOOKUP_BY_NAMING,PASS,Feature appears to be historical lag/rolling derived. | Historical feature family based on naming.
71,time_slot,0.0095370868220925,gain,temporal,int64,True,False,23244,23244,0,18,4980,0,18,15.0,32.0,24.038977800722765,15.0,32.0,23.922088353413656,False,True,0.2507393664627164,NO_DIRECT_TARGET_DEPENDENCY_IDENTIFIED,REQUIRES_SOURCE_REVIEW,NOT_DETERMINED_FROM_NAME,REVIEW,
72,available_spaces_roll_trend_6h,0.0093206893652677,gain,rolling,float64,True,False,23244,23244,0,2035,4980,0,1288,-3325.0,423.0,-315.0593701600413,-3436.0,328.0,-385.6307228915663,False,True,-0.34936937788622907,NO_DIRECT_TARGET_DEPENDENCY_IDENTIFIED,LIKELY_AVAILABLE_AT_PREDICTION_TIME,NO_FUTURE_LOOKUP_BY_NAMING,PASS,Feature appears to be historical lag/rolling derived. | Historical feature family based on naming.
73,occupancy_rate_roll_median_1h,0.0092678740620613,gain,occupancy,float64,True,False,23244,23244,0,11363,4980,0,3719,0.0,1.0,0.4645133314159272,0.007886435331230283,1.0,0.51470011531036,False,True,0.9551068970840212,NO_DIRECT_TARGET_DEPENDENCY_IDENTIFIED,LIKELY_AVAILABLE_AT_PREDICTION_TIME,NO_FUTURE_LOOKUP_BY_NAMING,PASS,Feature appears to be historical lag/rolling derived. | Historical feature family based on naming.
74,occupied_spaces_roll_mean_1d,0.0090957563370466,gain,occupancy,float64,True,False,23244,23244,0,16190,4980,0,4544,4.75,2972.0,609.3481640017308,11.0,3070.0526315789475,699.7807847404054,False,True,0.1735441254859458,NO_DIRECT_TARGET_DEPENDENCY_IDENTIFIED,LIKELY_AVAILABLE_AT_PREDICTION_TIME,NO_FUTURE_LOOKUP_BY_NAMING,PASS,Feature appears to be historical lag/rolling derived. | Historical feature family based on naming.
75,available_spaces_roll_max_1d,0.0085895545780658,gain,rolling,float64,True,False,23244,23244,0,1227,4980,0,383,142.0,4151.0,1136.431509206677,-6.0,4055.0,1139.1435742971887,False,True,-0.2527090961609691,NO_DIRECT_TARGET_DEPENDENCY_IDENTIFIED,LIKELY_AVAILABLE_AT_PREDICTION_TIME,NO_FUTURE_LOOKUP_BY_NAMING,PASS,Feature appears to be historical lag/rolling derived. | Historical feature family based on naming.
76,calendar_day_of_week_cos,0.0085151502862572,gain,temporal,float64,True,False,23244,23244,0,7,4980,0,7,-0.9009688679024191,1.0,0.011281949440388569,-0.9009688679024191,1.0,0.034330604652613436,False,True,-0.09270141990042462,NO_DIRECT_TARGET_DEPENDENCY_IDENTIFIED,REQUIRES_SOURCE_REVIEW,NOT_DETERMINED_FROM_NAME,REVIEW,
77,occupancy_rate_roll_std_12h,0.0085131330415606,gain,occupancy,float64,True,False,23244,23244,0,21608,4980,0,4654,0.0,0.43388172640992706,0.09986022027004443,0.0,0.4301323755055502,0.11753934995596192,False,True,0.8166502396720262,NO_DIRECT_TARGET_DEPENDENCY_IDENTIFIED,LIKELY_AVAILABLE_AT_PREDICTION_TIME,NO_FUTURE_LOOKUP_BY_NAMING,PASS,Feature appears to be historical lag/rolling derived. | Historical feature family based on naming.
78,minutes_since_week_start,0.0084418226033449,gain,temporal,int64,True,False,23244,23244,0,120,4980,0,120,450.0,9600.0,4885.051626226123,480.0,9600.0,4276.891566265061,False,True,-0.2087642668597613,NO_DIRECT_TARGET_DEPENDENCY_IDENTIFIED,REQUIRES_SOURCE_REVIEW,NOT_DETERMINED_FROM_NAME,REVIEW,
79,occupied_spaces_lag_30m,0.0083284014835953,gain,occupancy,float64,True,False,23244,21806,1438,2513,4656,324,1655,0.0,3949.0,618.6804090617261,10.0,4327.0,709.8371993127148,False,True,0.3046124029169375,NO_DIRECT_TARGET_DEPENDENCY_IDENTIFIED,LIKELY_AVAILABLE_AT_PREDICTION_TIME,NO_FUTURE_LOOKUP_BY_NAMING,PASS,Feature appears to be historical lag/rolling derived. | Historical feature family based on naming. | Training data contains missing values. | Validation data contains missing values.
80,occupancy_rate_roll_min_1h,0.0081898234784603,gain,occupancy,float64,True,False,23244,23244,0,10352,4980,0,3411,0.0,1.0,0.43355300187280355,0.007886435331230283,1.0,0.47844667989435846,False,True,0.925121617591726,NO_DIRECT_TARGET_DEPENDENCY_IDENTIFIED,LIKELY_AVAILABLE_AT_PREDICTION_TIME,NO_FUTURE_LOOKUP_BY_NAMING,PASS,Feature appears to be historical lag/rolling derived. | Historical feature family based on naming.
81,occupied_spaces_roll_min_12h,0.0081527093425393,gain,occupancy,float64,True,False,23244,23244,0,588,4980,0,262,0.0,1372.0,268.1137067630356,10.0,1773.0,286.04979919678715,False,True,0.1851456517000965,NO_DIRECT_TARGET_DEPENDENCY_IDENTIFIED,LIKELY_AVAILABLE_AT_PREDICTION_TIME,NO_FUTURE_LOOKUP_BY_NAMING,PASS,Feature appears to be historical lag/rolling derived. | Historical feature family based on naming.
82,available_spaces_lag_30m,0.0079527208581566,gain,lag,float64,True,False,23244,21806,1438,3052,4656,324,1729,-15.0,4151.0,780.2020086214803,-16.0,4055.0,716.6350945017182,False,True,-0.4998378468469839,NO_DIRECT_TARGET_DEPENDENCY_IDENTIFIED,LIKELY_AVAILABLE_AT_PREDICTION_TIME,NO_FUTURE_LOOKUP_BY_NAMING,PASS,Feature appears to be historical lag/rolling derived. | Historical feature family based on naming. | Training data contains missing values. | Validation data contains missing values.
83,occupied_spaces_roll_min_2h,0.0078834285959601,gain,occupancy,float64,True,False,23244,23244,0,2248,4980,0,1450,0.0,3849.0,497.91490277060745,10.0,4153.0,560.2963855421687,False,True,0.30263059924552893,NO_DIRECT_TARGET_DEPENDENCY_IDENTIFIED,LIKELY_AVAILABLE_AT_PREDICTION_TIME,NO_FUTURE_LOOKUP_BY_NAMING,PASS,Feature appears to be historical lag/rolling derived. | Historical feature family based on naming.
84,available_spaces_roll_mean_1d,0.0078760655596852,gain,rolling,float64,True,False,23244,23244,0,17053,4980,0,4508,23.263157894736842,3999.0,788.5865288222238,-6.0,4055.0,722.3031510025664,False,True,-0.3947376034766767,NO_DIRECT_TARGET_DEPENDENCY_IDENTIFIED,LIKELY_AVAILABLE_AT_PREDICTION_TIME,NO_FUTURE_LOOKUP_BY_NAMING,PASS,Feature appears to be historical lag/rolling derived. | Historical feature family based on naming.
85,occupied_spaces_roll_trend_3h,0.0078584617003798,gain,occupancy,float64,True,False,23244,23244,0,1854,4980,0,1189,-1009.0,2614.0,165.85626398210292,-1013.0,2558.0,205.68373493975903,False,True,0.2424135742396179,NO_DIRECT_TARGET_DEPENDENCY_IDENTIFIED,LIKELY_AVAILABLE_AT_PREDICTION_TIME,NO_FUTURE_LOOKUP_BY_NAMING,PASS,Feature appears to be historical lag/rolling derived. | Historical feature family based on naming.
86,available_spaces_roll_max_3h,0.0076809343881905,gain,rolling,float64,True,False,23244,23244,0,2895,4980,0,1521,-15.0,4151.0,957.3532524522458,-14.0,4055.0,932.4347389558233,False,True,-0.3682732266957148,NO_DIRECT_TARGET_DEPENDENCY_IDENTIFIED,LIKELY_AVAILABLE_AT_PREDICTION_TIME,NO_FUTURE_LOOKUP_BY_NAMING,PASS,Feature appears to be historical lag/rolling derived. | Historical feature family based on naming.
87,occupancy_rate_roll_count_2h,0.0075640305876731,gain,occupancy,int64,True,False,23244,23244,0,5,4980,0,5,1.0,5.0,4.409783169850284,1.0,5.0,4.3857429718875505,False,True,0.3368966651601004,NO_DIRECT_TARGET_DEPENDENCY_IDENTIFIED,LIKELY_AVAILABLE_AT_PREDICTION_TIME,NO_FUTURE_LOOKUP_BY_NAMING,PASS,Feature appears to be historical lag/rolling derived. | Historical feature family based on naming.
88,occupancy_rate_roll_missing_2h,0.0074675236828625,gain,occupancy,int64,True,False,23244,23244,0,4,4980,0,4,0.0,3.0,0.3475735673722251,0.0,3.0,0.364859437751004,False,True,-0.3161397548520188,NO_DIRECT_TARGET_DEPENDENCY_IDENTIFIED,LIKELY_AVAILABLE_AT_PREDICTION_TIME,NO_FUTURE_LOOKUP_BY_NAMING,PASS,Feature appears to be historical lag/rolling derived. | Historical feature family based on naming.
89,occupancy_rate_roll_trend_6h,0.0073879938572645,gain,occupancy,float64,True,False,23244,23244,0,14315,4980,0,4049,-0.38170347003154576,0.9782244556113903,0.24120287373694466,-0.32727272727272727,0.9653465346534653,0.2844417140319029,False,True,0.7780740931165705,NO_DIRECT_TARGET_DEPENDENCY_IDENTIFIED,LIKELY_AVAILABLE_AT_PREDICTION_TIME,NO_FUTURE_LOOKUP_BY_NAMING,PASS,Feature appears to be historical lag/rolling derived. | Historical feature family based on naming.
90,occupied_spaces_roll_median_1h,0.0073837144300341,gain,occupancy,float64,True,False,23244,23244,0,2874,4980,0,1754,0.0,3933.0,598.4587635518843,10.0,4289.0,684.0336345381526,False,True,0.32419006293830405,NO_DIRECT_TARGET_DEPENDENCY_IDENTIFIED,LIKELY_AVAILABLE_AT_PREDICTION_TIME,NO_FUTURE_LOOKUP_BY_NAMING,PASS,Feature appears to be historical lag/rolling derived. | Historical feature family based on naming.
91,available_spaces_roll_median_2h,0.007333121728152,gain,rolling,float64,True,False,23244,23244,0,3976,4980,0,2000,-15.0,4151.0,820.759873515746,-15.0,4055.0,765.1106425702811,False,True,-0.47409357133442775,NO_DIRECT_TARGET_DEPENDENCY_IDENTIFIED,LIKELY_AVAILABLE_AT_PREDICTION_TIME,NO_FUTURE_LOOKUP_BY_NAMING,PASS,Feature appears to be historical lag/rolling derived. | Historical feature family based on naming.
92,occupied_spaces_roll_min_3h,0.0071367570199072,gain,occupancy,float64,True,False,23244,23244,0,2048,4980,0,1301,0.0,3643.0,440.5814403717088,10.0,3915.0,489.6491967871486,False,True,0.2689846783608694,NO_DIRECT_TARGET_DEPENDENCY_IDENTIFIED,LIKELY_AVAILABLE_AT_PREDICTION_TIME,NO_FUTURE_LOOKUP_BY_NAMING,PASS,Feature appears to be historical lag/rolling derived. | Historical feature family based on naming.
93,occupancy_rate_roll_missing_1d,0.0070363790728151,gain,occupancy,int64,True,False,23244,23244,0,19,4980,0,20,29.0,47.0,29.701729478575118,28.0,47.0,30.221285140562248,False,True,-0.07452525248862685,NO_DIRECT_TARGET_DEPENDENCY_IDENTIFIED,LIKELY_AVAILABLE_AT_PREDICTION_TIME,NO_FUTURE_LOOKUP_BY_NAMING,PASS,Feature appears to be historical lag/rolling derived. | Historical feature family based on naming.
94,day_of_week_cos,0.0069373520091176,gain,temporal,float64,True,False,23244,23244,0,7,4980,0,7,-0.9009688679024191,1.0,0.011281949440388569,-0.9009688679024191,1.0,0.034330604652613436,False,True,-0.09270141990042462,NO_DIRECT_TARGET_DEPENDENCY_IDENTIFIED,REQUIRES_SOURCE_REVIEW,NOT_DETERMINED_FROM_NAME,REVIEW,
95,occupied_spaces_roll_max_2h,0.0068721421994268,gain,occupancy,float64,True,False,23244,23244,0,2330,4980,0,1486,0.0,3949.0,639.137799001893,10.0,4327.0,734.579718875502,False,True,0.3156128947922013,NO_DIRECT_TARGET_DEPENDENCY_IDENTIFIED,LIKELY_AVAILABLE_AT_PREDICTION_TIME,NO_FUTURE_LOOKUP_BY_NAMING,PASS,Feature appears to be historical lag/rolling derived. | Historical feature family based on naming.
96,available_spaces_roll_min_2h,0.0068102567456662,gain,rolling,float64,True,False,23244,23244,0,2973,4980,0,1610,-15.0,4151.0,758.7968938220616,-16.0,4055.0,687.5042168674698,False,True,-0.5125263868410533,NO_DIRECT_TARGET_DEPENDENCY_IDENTIFIED,LIKELY_AVAILABLE_AT_PREDICTION_TIME,NO_FUTURE_LOOKUP_BY_NAMING,PASS,Feature appears to be historical lag/rolling derived. | Historical feature family based on naming.
97,occupied_spaces_roll_median_3h,0.0064713754691183,gain,occupancy,float64,True,False,23244,23244,0,3029,4980,0,1759,0.0,3867.0,557.5839786611599,10.0,4270.0,631.0921686746988,False,True,0.31087085671139836,NO_DIRECT_TARGET_DEPENDENCY_IDENTIFIED,LIKELY_AVAILABLE_AT_PREDICTION_TIME,NO_FUTURE_LOOKUP_BY_NAMING,PASS,Feature appears to be historical lag/rolling derived. | Historical feature family based on naming.
98,available_spaces_roll_min_6h,0.0064028897322714,gain,rolling,float64,True,False,23244,23244,0,2936,4980,0,1574,-15.0,4151.0,757.2333505420754,-16.0,4055.0,686.1847389558233,False,True,-0.512251927377989,NO_DIRECT_TARGET_DEPENDENCY_IDENTIFIED,LIKELY_AVAILABLE_AT_PREDICTION_TIME,NO_FUTURE_LOOKUP_BY_NAMING,PASS,Feature appears to be historical lag/rolling derived. | Historical feature family based on naming.
99,available_spaces_roll_median_6h,0.0063905976712703,gain,rolling,float64,True,False,23244,23244,0,4858,4980,0,2365,-15.0,4151.0,880.6412192393736,-14.0,4055.0,844.1429718875502,False,True,-0.42419687303437004,NO_DIRECT_TARGET_DEPENDENCY_IDENTIFIED,LIKELY_AVAILABLE_AT_PREDICTION_TIME,NO_FUTURE_LOOKUP_BY_NAMING,PASS,Feature appears to be historical lag/rolling derived. | Historical feature family based on naming.
100,day_of_month,0.0063297520391643,gain,temporal,int64,True,False,23244,23244,0,31,4980,0,12,1.0,31.0,15.240965410428498,1.0,30.0,15.498192771084337,False,True,0.0016683873081720058,NO_DIRECT_TARGET_DEPENDENCY_IDENTIFIED,AVAILABLE_AT_PREDICTION_TIME,NOT_DETERMINED_FROM_NAME,PASS,Calendar/time feature.
101,occupied_spaces_roll_std_1h,0.0062263086438179,gain,occupancy,float64,True,False,23244,23244,0,17055,4980,0,4169,0.0,495.32907131410013,31.678987645885336,0.0,541.7496346714659,39.019810450406595,False,True,0.11951516233186978,NO_DIRECT_TARGET_DEPENDENCY_IDENTIFIED,LIKELY_AVAILABLE_AT_PREDICTION_TIME,NO_FUTURE_LOOKUP_BY_NAMING,PASS,Feature appears to be historical lag/rolling derived. | Historical feature family based on naming.
102,occupancy_rate_roll_std_3h,0.0061447485350072,gain,occupancy,float64,True,False,23244,23244,0,21528,4980,0,4621,0.0,0.4430599546706297,0.054724287037084596,0.0,0.38465891991525486,0.06441675324411321,False,True,0.5593505457951974,NO_DIRECT_TARGET_DEPENDENCY_IDENTIFIED,LIKELY_AVAILABLE_AT_PREDICTION_TIME,NO_FUTURE_LOOKUP_BY_NAMING,PASS,Feature appears to be historical lag/rolling derived. | Historical feature family based on naming.
103,occupied_spaces_roll_max_1h,0.0059521137736737,gain,occupancy,float64,True,False,23244,23244,0,2441,4980,0,1585,0.0,3949.0,634.0241782825675,10.0,4327.0,728.3865461847389,False,True,0.3186460405365703,NO_DIRECT_TARGET_DEPENDENCY_IDENTIFIED,LIKELY_AVAILABLE_AT_PREDICTION_TIME,NO_FUTURE_LOOKUP_BY_NAMING,PASS,Feature appears to be historical lag/rolling derived. | Historical feature family based on naming.
104,occupancy_rate_roll_trend_1d,0.0057640699669718,gain,occupancy,float64,True,False,23244,23244,0,14261,4980,0,4035,-0.9045454545454545,0.940536013400335,0.018995276717954816,-0.616,0.9504950495049505,0.02767954134637721,False,True,0.33071642939126683,NO_DIRECT_TARGET_DEPENDENCY_IDENTIFIED,LIKELY_AVAILABLE_AT_PREDICTION_TIME,NO_FUTURE_LOOKUP_BY_NAMING,PASS,Feature appears to be historical lag/rolling derived. | Historical feature family based on naming.
105,occupancy_rate_roll_mean_12h,0.0057581942528486,gain,occupancy,float64,True,False,23244,23244,0,21791,4980,0,4885,0.0,0.9240956072351422,0.38098857336103753,0.007886435331230283,1.0,0.4133964385360738,False,True,0.912220816051055,NO_DIRECT_TARGET_DEPENDENCY_IDENTIFIED,LIKELY_AVAILABLE_AT_PREDICTION_TIME,NO_FUTURE_LOOKUP_BY_NAMING,PASS,Feature appears to be historical lag/rolling derived. | Historical feature family based on naming.
106,minute,0.005744176916778,gain,temporal,int64,True,False,23244,23244,0,2,4980,0,2,0.0,30.0,14.153329891584924,0.0,30.0,14.048192771084338,False,True,0.03921829027913961,NO_DIRECT_TARGET_DEPENDENCY_IDENTIFIED,AVAILABLE_AT_PREDICTION_TIME,NOT_DETERMINED_FROM_NAME,PASS,Calendar/time feature.
107,available_spaces_lag_1h,0.0055763041600584,gain,lag,float64,True,False,23244,20513,2731,3030,4363,617,1684,-15.0,4151.0,786.4995856286257,-16.0,4055.0,724.1198716479487,False,True,-0.47864009053827605,NO_DIRECT_TARGET_DEPENDENCY_IDENTIFIED,LIKELY_AVAILABLE_AT_PREDICTION_TIME,NO_FUTURE_LOOKUP_BY_NAMING,PASS,Feature appears to be historical lag/rolling derived. | Historical feature family based on naming. | Training data contains missing values. | Validation data contains missing values.
108,occupancy_rate_roll_min_1d,0.0055674454197287,gain,occupancy,float64,True,False,23244,23244,0,1691,4980,0,424,0.0,0.6157205240174672,0.20173866011999442,0.007886435331230283,1.0,0.21472862977285426,False,True,0.6335759248711184,NO_DIRECT_TARGET_DEPENDENCY_IDENTIFIED,LIKELY_AVAILABLE_AT_PREDICTION_TIME,NO_FUTURE_LOOKUP_BY_NAMING,PASS,Feature appears to be historical lag/rolling derived. | Historical feature family based on naming.
109,hour_cos,0.0055487691424787,gain,temporal,float64,True,False,23244,23244,0,18,4980,0,18,-1.0,-0.3826834323650897,-0.80988380755292,-1.0,-0.3826834323650897,-0.8084278614474879,False,True,-0.26074280734059724,NO_DIRECT_TARGET_DEPENDENCY_IDENTIFIED,REQUIRES_SOURCE_REVIEW,NOT_DETERMINED_FROM_NAME,REVIEW,
110,occupied_spaces_roll_std_6h,0.0054996302351355,gain,occupancy,float64,True,False,23244,23244,0,20452,4980,0,4491,0.0,1221.8964695294444,116.72375217818887,0.0,1219.7602005089207,143.91964076228263,False,True,0.340287303213738,NO_DIRECT_TARGET_DEPENDENCY_IDENTIFIED,LIKELY_AVAILABLE_AT_PREDICTION_TIME,NO_FUTURE_LOOKUP_BY_NAMING,PASS,Feature appears to be historical lag/rolling derived. | Historical feature family based on naming.
111,available_spaces_roll_max_12h,0.0054885931313037,gain,rolling,float64,True,False,23244,23244,0,939,4980,0,303,142.0,4151.0,1129.820986060919,-6.0,4055.0,1136.0341365461848,False,True,-0.2561486014929353,NO_DIRECT_TARGET_DEPENDENCY_IDENTIFIED,LIKELY_AVAILABLE_AT_PREDICTION_TIME,NO_FUTURE_LOOKUP_BY_NAMING,PASS,Feature appears to be historical lag/rolling derived. | Historical feature family based on naming.
112,occupied_spaces_roll_min_1d,0.0054181730374693,gain,occupancy,float64,True,False,23244,23244,0,677,4980,0,317,0.0,1372.0,261.50318361727756,10.0,1773.0,282.94036144578314,False,True,0.1782681208243402,NO_DIRECT_TARGET_DEPENDENCY_IDENTIFIED,LIKELY_AVAILABLE_AT_PREDICTION_TIME,NO_FUTURE_LOOKUP_BY_NAMING,PASS,Feature appears to be historical lag/rolling derived. | Historical feature family based on naming.
113,occupancy_rate_roll_min_6h,0.0053016394376754,gain,occupancy,float64,True,False,23244,23244,0,4586,4980,0,1266,0.0,0.9224806201550387,0.23807986980018975,0.007886435331230283,1.0,0.24937404228542062,False,True,0.6182380399913605,NO_DIRECT_TARGET_DEPENDENCY_IDENTIFIED,LIKELY_AVAILABLE_AT_PREDICTION_TIME,NO_FUTURE_LOOKUP_BY_NAMING,PASS,Feature appears to be historical lag/rolling derived. | Historical feature family based on naming.
114,is_wednesday,0.0052220551297068,gain,temporal,bool,True,False,23244,23244,0,2,4980,0,2,0.0,1.0,0.1604715195319222,0.0,1.0,0.19016064257028112,False,True,0.09193843322122751,NO_DIRECT_TARGET_DEPENDENCY_IDENTIFIED,REQUIRES_SOURCE_REVIEW,NOT_DETERMINED_FROM_NAME,REVIEW,
115,occupancy_rate_roll_std_6h,0.005139784887433,gain,occupancy,float64,True,False,23244,23244,0,21601,4980,0,4652,0.0,0.4314918219678721,0.08962315464608436,0.0,0.4301323755055502,0.10604347864660886,False,True,0.7907117550957358,NO_DIRECT_TARGET_DEPENDENCY_IDENTIFIED,LIKELY_AVAILABLE_AT_PREDICTION_TIME,NO_FUTURE_LOOKUP_BY_NAMING,PASS,Feature appears to be historical lag/rolling derived. | Historical feature family based on naming.
116,available_spaces_roll_max_2h,0.0051185186021029,gain,rolling,float64,True,False,23244,23244,0,2975,4980,0,1610,-15.0,4151.0,900.0197900533472,-14.0,4055.0,861.7875502008033,False,True,-0.4181865780649889,NO_DIRECT_TARGET_DEPENDENCY_IDENTIFIED,LIKELY_AVAILABLE_AT_PREDICTION_TIME,NO_FUTURE_LOOKUP_BY_NAMING,PASS,Feature appears to be historical lag/rolling derived. | Historical feature family based on naming.
117,occupied_spaces_roll_std_1d,0.005101962480694,gain,occupancy,float64,True,False,23244,23244,0,22982,4980,0,4906,0.0,1378.172789684641,177.88426234699966,0.0,1432.7369561770806,212.93028295505576,False,True,0.0718006986160382,NO_DIRECT_TARGET_DEPENDENCY_IDENTIFIED,LIKELY_AVAILABLE_AT_PREDICTION_TIME,NO_FUTURE_LOOKUP_BY_NAMING,PASS,Feature appears to be historical lag/rolling derived. | Historical feature family based on naming.
118,occupancy_rate_roll_mean_3h,0.0050351484678685,gain,occupancy,float64,True,False,23244,23244,0,20917,4980,0,4802,0.0,1.0,0.42840299751418176,0.007886435331230283,1.0,0.47080177056218037,False,True,0.904641049609329,NO_DIRECT_TARGET_DEPENDENCY_IDENTIFIED,LIKELY_AVAILABLE_AT_PREDICTION_TIME,NO_FUTURE_LOOKUP_BY_NAMING,PASS,Feature appears to be historical lag/rolling derived. | Historical feature family based on naming.
119,available_spaces_roll_trend_3h,0.0049747466109693,gain,rolling,float64,True,False,23244,23244,0,1854,4980,0,1189,-2614.0,1009.0,-165.85626398210292,-2558.0,1013.0,-205.68373493975903,False,True,-0.2424135742396179,NO_DIRECT_TARGET_DEPENDENCY_IDENTIFIED,LIKELY_AVAILABLE_AT_PREDICTION_TIME,NO_FUTURE_LOOKUP_BY_NAMING,PASS,Feature appears to be historical lag/rolling derived. | Historical feature family based on naming.
120,available_spaces_roll_median_12h,0.0049164900556206,gain,rolling,float64,True,False,23244,23244,0,5068,4980,0,2526,-12.0,4151.0,888.4382421270005,-12.0,4055.0,853.7444779116466,False,True,-0.4208338519254592,NO_DIRECT_TARGET_DEPENDENCY_IDENTIFIED,LIKELY_AVAILABLE_AT_PREDICTION_TIME,NO_FUTURE_LOOKUP_BY_NAMING,PASS,Feature appears to be historical lag/rolling derived. | Historical feature family based on naming.
121,occupied_spaces_roll_min_6h,0.004826330114156,gain,occupancy,float64,True,False,23244,23244,0,1308,4980,0,761,0.0,2870.0,303.7984856307004,10.0,3002.0,325.0664658634538,False,True,0.1842758622495006,NO_DIRECT_TARGET_DEPENDENCY_IDENTIFIED,LIKELY_AVAILABLE_AT_PREDICTION_TIME,NO_FUTURE_LOOKUP_BY_NAMING,PASS,Feature appears to be historical lag/rolling derived. | Historical feature family based on naming.
122,occupancy_rate_roll_median_3h,0.0048164050094783,gain,occupancy,float64,True,False,23244,23244,0,11751,4980,0,3593,0.0,1.0,0.4349471148920938,0.007886435331230283,1.0,0.47766136343499405,False,True,0.9014839680372793,NO_DIRECT_TARGET_DEPENDENCY_IDENTIFIED,LIKELY_AVAILABLE_AT_PREDICTION_TIME,NO_FUTURE_LOOKUP_BY_NAMING,PASS,Feature appears to be historical lag/rolling derived. | Historical feature family based on naming.
123,occupancy_rate_roll_count_1d,0.0047882166691124,gain,occupancy,int64,True,False,23244,23244,0,19,4980,0,20,1.0,19.0,18.298270521424882,1.0,20.0,17.778714859437752,False,True,0.07452525248862685,NO_DIRECT_TARGET_DEPENDENCY_IDENTIFIED,LIKELY_AVAILABLE_AT_PREDICTION_TIME,NO_FUTURE_LOOKUP_BY_NAMING,PASS,Feature appears to be historical lag/rolling derived. | Historical feature family based on naming.
124,available_spaces_roll_max_6h,0.0047820624895393,gain,rolling,float64,True,False,23244,23244,0,2259,4980,0,988,26.0,4151.0,1094.1362071932542,-6.0,4055.0,1097.017469879518,False,True,-0.26965822373656395,NO_DIRECT_TARGET_DEPENDENCY_IDENTIFIED,LIKELY_AVAILABLE_AT_PREDICTION_TIME,NO_FUTURE_LOOKUP_BY_NAMING,PASS,Feature appears to be historical lag/rolling derived. | Historical feature family based on naming.
125,available_spaces_roll_median_3h,0.0046371319331228,gain,rolling,float64,True,False,23244,23244,0,4259,4980,0,2080,-15.0,4151.0,840.3507141627947,-15.0,4055.0,790.9917670682731,False,True,-0.45592630679750135,NO_DIRECT_TARGET_DEPENDENCY_IDENTIFIED,LIKELY_AVAILABLE_AT_PREDICTION_TIME,NO_FUTURE_LOOKUP_BY_NAMING,PASS,Feature appears to be historical lag/rolling derived. | Historical feature family based on naming.
126,occupancy_rate_roll_std_2h,0.0046237902715802,gain,occupancy,float64,True,False,23244,23244,0,21447,4980,0,4592,0.0,0.46743678603815003,0.04040791513853668,0.0,0.3417625592386665,0.047470685999458986,False,True,0.4421148046728306,NO_DIRECT_TARGET_DEPENDENCY_IDENTIFIED,LIKELY_AVAILABLE_AT_PREDICTION_TIME,NO_FUTURE_LOOKUP_BY_NAMING,PASS,Feature appears to be historical lag/rolling derived. | Historical feature family based on naming.
127,occupancy_rate_roll_median_6h,0.0046037044376134,gain,occupancy,float64,True,False,23244,23244,0,12947,4980,0,3806,0.0,1.0,0.40703051717618666,0.007886435331230283,1.0,0.44223215366045904,False,True,0.8801049618937833,NO_DIRECT_TARGET_DEPENDENCY_IDENTIFIED,LIKELY_AVAILABLE_AT_PREDICTION_TIME,NO_FUTURE_LOOKUP_BY_NAMING,PASS,Feature appears to be historical lag/rolling derived. | Historical feature family based on naming.
128,available_spaces_lag_1d,0.004499876871705,gain,lag,float64,True,False,23244,21816,1428,3058,4380,600,1672,-15.0,4151.0,785.5233773377338,-16.0,4055.0,717.4143835616438,False,True,-0.449783732173329,NO_DIRECT_TARGET_DEPENDENCY_IDENTIFIED,LIKELY_AVAILABLE_AT_PREDICTION_TIME,NO_FUTURE_LOOKUP_BY_NAMING,PASS,Feature appears to be historical lag/rolling derived. | Historical feature family based on naming. | Training data contains missing values. | Validation data contains missing values.
129,occupied_spaces_roll_min_1h,0.0043009431101381,gain,occupancy,float64,True,False,23244,23244,0,2403,4980,0,1569,0.0,3907.0,558.3104457064188,10.0,4272.0,634.7556224899598,False,True,0.3248108917989666,NO_DIRECT_TARGET_DEPENDENCY_IDENTIFIED,LIKELY_AVAILABLE_AT_PREDICTION_TIME,NO_FUTURE_LOOKUP_BY_NAMING,PASS,Feature appears to be historical lag/rolling derived. | Historical feature family based on naming.
130,occupancy_rate_roll_median_12h,0.0042277183383703,gain,occupancy,float64,True,False,23244,23244,0,14107,4980,0,4145,0.0,1.0,0.40156854786085305,0.007886435331230283,1.0,0.4356860074865116,False,True,0.8846305202690816,NO_DIRECT_TARGET_DEPENDENCY_IDENTIFIED,LIKELY_AVAILABLE_AT_PREDICTION_TIME,NO_FUTURE_LOOKUP_BY_NAMING,PASS,Feature appears to be historical lag/rolling derived. | Historical feature family based on naming.
131,month,0.0041606468148529,gain,temporal,int64,True,False,23244,23244,0,2,4980,0,2,10.0,11.0,10.500086043710205,11.0,12.0,11.535943775100401,False,True,0.02877207189789267,NO_DIRECT_TARGET_DEPENDENCY_IDENTIFIED,AVAILABLE_AT_PREDICTION_TIME,NOT_DETERMINED_FROM_NAME,PASS,Calendar/time feature.
132,occupancy_rate_roll_min_2h,0.0041170599870383,gain,occupancy,float64,True,False,23244,23244,0,9510,4980,0,3066,0.0,1.0,0.3875687970195391,0.007886435331230283,1.0,0.4239385326946157,False,True,0.8430867160255232,NO_DIRECT_TARGET_DEPENDENCY_IDENTIFIED,LIKELY_AVAILABLE_AT_PREDICTION_TIME,NO_FUTURE_LOOKUP_BY_NAMING,PASS,Feature appears to be historical lag/rolling derived. | Historical feature family based on naming.
133,occupancy_rate_roll_mean_1h,0.0041150813922286,gain,occupancy,float64,True,False,23244,23244,0,19063,4980,0,4593,0.0,1.0,0.46328645659260054,0.007886435331230283,1.0,0.5134150359200375,False,True,0.9562449101455913,NO_DIRECT_TARGET_DEPENDENCY_IDENTIFIED,LIKELY_AVAILABLE_AT_PREDICTION_TIME,NO_FUTURE_LOOKUP_BY_NAMING,PASS,Feature appears to be historical lag/rolling derived. | Historical feature family based on naming.
134,day_of_year_sin,0.0040436969138681,gain,temporal,float64,True,False,23244,23244,0,51,4980,0,12,-0.9990791668951153,-0.5933267643772321,-0.846666767201493,-0.5933267643772321,-0.4004539056512665,-0.49772784553129773,False,True,0.04287916085715645,NO_DIRECT_TARGET_DEPENDENCY_IDENTIFIED,REQUIRES_SOURCE_REVIEW,NOT_DETERMINED_FROM_NAME,REVIEW,
135,available_spaces_roll_mean_2h,0.0039708823896944,gain,rolling,float64,True,False,23244,23244,0,10531,4980,0,3747,-15.0,4151.0,825.0935008317558,-14.8,4055.0,769.9040261044177,False,True,-0.47017720529308216,NO_DIRECT_TARGET_DEPENDENCY_IDENTIFIED,LIKELY_AVAILABLE_AT_PREDICTION_TIME,NO_FUTURE_LOOKUP_BY_NAMING,PASS,Feature appears to be historical lag/rolling derived. | Historical feature family based on naming.
136,occupied_spaces_lag_1h,0.0039671622216701,gain,occupancy,float64,True,False,23244,20513,2731,2451,4363,617,1600,0.0,3949.0,611.0897479647053,10.0,4289.0,701.9509511803805,False,True,0.2842988237629142,NO_DIRECT_TARGET_DEPENDENCY_IDENTIFIED,LIKELY_AVAILABLE_AT_PREDICTION_TIME,NO_FUTURE_LOOKUP_BY_NAMING,PASS,Feature appears to be historical lag/rolling derived. | Historical feature family based on naming. | Training data contains missing values. | Validation data contains missing values.
137,occupied_spaces_roll_trend_1d,0.0039640078321099,gain,occupancy,float64,True,False,23244,23244,0,1716,4980,0,936,-1703.0,2805.0,22.931896403372914,-1546.0,2837.0,36.35140562248996,False,True,0.2199471261731886,NO_DIRECT_TARGET_DEPENDENCY_IDENTIFIED,LIKELY_AVAILABLE_AT_PREDICTION_TIME,NO_FUTURE_LOOKUP_BY_NAMING,PASS,Feature appears to be historical lag/rolling derived. | Historical feature family based on naming.
138,occupied_spaces_roll_mean_12h,0.003927263431251,gain,occupancy,float64,True,False,23244,23244,0,15998,4980,0,4353,0.0,2971.625,485.57888575836796,10.0,3065.5625,542.0106441838046,False,True,0.3015250160498483,NO_DIRECT_TARGET_DEPENDENCY_IDENTIFIED,LIKELY_AVAILABLE_AT_PREDICTION_TIME,NO_FUTURE_LOOKUP_BY_NAMING,PASS,Feature appears to be historical lag/rolling derived. | Historical feature family based on naming.
139,available_spaces_roll_mean_12h,0.0039042113348841,gain,rolling,float64,True,False,23244,23244,0,17910,4980,0,4607,23.0625,4151.0,912.3558070655866,-6.0,4055.0,880.0732915591673,False,True,-0.4045493021019288,NO_DIRECT_TARGET_DEPENDENCY_IDENTIFIED,LIKELY_AVAILABLE_AT_PREDICTION_TIME,NO_FUTURE_LOOKUP_BY_NAMING,PASS,Feature appears to be historical lag/rolling derived. | Historical feature family based on naming.
140,available_spaces_roll_min_3h,0.0037365155294537,gain,rolling,float64,True,False,23244,23244,0,2941,4980,0,1587,-15.0,4151.0,757.5742127000516,-16.0,4055.0,686.4877510040161,False,True,-0.5124104468886705,NO_DIRECT_TARGET_DEPENDENCY_IDENTIFIED,LIKELY_AVAILABLE_AT_PREDICTION_TIME,NO_FUTURE_LOOKUP_BY_NAMING,PASS,Feature appears to be historical lag/rolling derived. | Historical feature family based on naming.
141,occupied_spaces_roll_std_2h,0.0035874268505722,gain,occupancy,float64,True,False,23244,23244,0,19985,4980,0,4443,0.0,782.2196622432857,52.35091854914018,0.0,798.6971891774754,64.40076927331984,False,True,0.1939960379451289,NO_DIRECT_TARGET_DEPENDENCY_IDENTIFIED,LIKELY_AVAILABLE_AT_PREDICTION_TIME,NO_FUTURE_LOOKUP_BY_NAMING,PASS,Feature appears to be historical lag/rolling derived. | Historical feature family based on naming.
142,minutes_since_midnight,0.0034522961359471,gain,temporal,int64,True,False,23244,23244,0,18,4980,0,18,450.0,960.0,721.169334021683,450.0,960.0,717.6626506024096,False,True,0.2507393664627164,NO_DIRECT_TARGET_DEPENDENCY_IDENTIFIED,REQUIRES_SOURCE_REVIEW,NOT_DETERMINED_FROM_NAME,REVIEW,
143,occupied_spaces_roll_count_1d,0.0034449908416718,gain,occupancy,int64,True,False,23244,23244,0,19,4980,0,20,1.0,19.0,18.298270521424882,1.0,20.0,17.778714859437752,False,True,0.07452525248862685,NO_DIRECT_TARGET_DEPENDENCY_IDENTIFIED,LIKELY_AVAILABLE_AT_PREDICTION_TIME,NO_FUTURE_LOOKUP_BY_NAMING,PASS,Feature appears to be historical lag/rolling derived. | Historical feature family based on naming.
144,available_spaces_roll_median_1h,0.0034357744734734,gain,rolling,float64,True,False,23244,23244,0,3652,4980,0,1899,-15.0,4151.0,799.4759292720702,-15.0,4055.0,738.0503012048192,False,True,-0.49311605574168815,NO_DIRECT_TARGET_DEPENDENCY_IDENTIFIED,LIKELY_AVAILABLE_AT_PREDICTION_TIME,NO_FUTURE_LOOKUP_BY_NAMING,PASS,Feature appears to be historical lag/rolling derived. | Historical feature family based on naming.
145,occupancy_rate_roll_mean_6h,0.0033981907181441,gain,occupancy,float64,True,False,23244,23244,0,21720,4980,0,4875,0.0,0.9902603856092228,0.39053768011961143,0.007886435331230283,1.0,0.42454673638966794,False,True,0.89469312675957,NO_DIRECT_TARGET_DEPENDENCY_IDENTIFIED,LIKELY_AVAILABLE_AT_PREDICTION_TIME,NO_FUTURE_LOOKUP_BY_NAMING,PASS,Feature appears to be historical lag/rolling derived. | Historical feature family based on naming.
146,occupancy_rate_roll_count_1h,0.0033661529887467,gain,occupancy,int64,True,False,23244,23244,0,3,4980,0,3,1.0,3.0,2.8206418860781275,1.0,3.0,2.8110441767068273,False,True,0.2851526375218721,NO_DIRECT_TARGET_DEPENDENCY_IDENTIFIED,LIKELY_AVAILABLE_AT_PREDICTION_TIME,NO_FUTURE_LOOKUP_BY_NAMING,PASS,Feature appears to be historical lag/rolling derived. | Historical feature family based on naming.
147,occupied_spaces_lag_1d,0.0033587086945772,gain,occupancy,float64,True,False,23244,21816,1428,2518,4380,600,1635,0.0,3949.0,622.4272093876054,10.0,4327.0,729.4280821917808,False,True,0.2367140135049933,NO_DIRECT_TARGET_DEPENDENCY_IDENTIFIED,LIKELY_AVAILABLE_AT_PREDICTION_TIME,NO_FUTURE_LOOKUP_BY_NAMING,PASS,Feature appears to be historical lag/rolling derived. | Historical feature family based on naming. | Training data contains missing values. | Validation data contains missing values.
148,available_spaces_roll_mean_6h,0.0033146827481687,gain,rolling,float64,True,False,23244,23244,0,17471,4980,0,4568,-4.0,4151.0,899.7164932779415,-6.0,4055.0,864.7005712393362,False,True,-0.4096361470349427,NO_DIRECT_TARGET_DEPENDENCY_IDENTIFIED,LIKELY_AVAILABLE_AT_PREDICTION_TIME,NO_FUTURE_LOOKUP_BY_NAMING,PASS,Feature appears to be historical lag/rolling derived. | Historical feature family based on naming.
149,available_spaces_roll_trend_1d,0.0033043248113244,gain,rolling,float64,True,False,23244,23244,0,1716,4980,0,936,-2805.0,1703.0,-22.931896403372914,-2837.0,1546.0,-36.35140562248996,False,True,-0.2199471261731886,NO_DIRECT_TARGET_DEPENDENCY_IDENTIFIED,LIKELY_AVAILABLE_AT_PREDICTION_TIME,NO_FUTURE_LOOKUP_BY_NAMING,PASS,Feature appears to be historical lag/rolling derived. | Historical feature family based on naming.
150,is_tuesday,0.0033035932574421,gain,temporal,bool,True,False,23244,23244,0,2,4980,0,2,0.0,1.0,0.16025641025641027,0.0,1.0,0.186144578313253,False,True,0.09276172417678814,NO_DIRECT_TARGET_DEPENDENCY_IDENTIFIED,REQUIRES_SOURCE_REVIEW,NOT_DETERMINED_FROM_NAME,REVIEW,
151,occupied_spaces_roll_trend_12h,0.0032768552191555,gain,occupancy,float64,True,False,23244,23244,0,2021,4980,0,1278,-101.0,3425.0,351.884443297195,-200.0,3581.0,425.52590361445783,False,True,0.35690399487960434,NO_DIRECT_TARGET_DEPENDENCY_IDENTIFIED,LIKELY_AVAILABLE_AT_PREDICTION_TIME,NO_FUTURE_LOOKUP_BY_NAMING,PASS,Feature appears to be historical lag/rolling derived. | Historical feature family based on naming.
152,occupancy_rate_roll_trend_12h,0.0032193050719797,gain,occupancy,float64,True,False,23244,23244,0,13487,4980,0,3918,-0.29652996845425866,0.9782244556113903,0.2722049992027549,-0.22479721900347627,0.9653465346534653,0.31724814902570125,False,True,0.840923227154981,NO_DIRECT_TARGET_DEPENDENCY_IDENTIFIED,LIKELY_AVAILABLE_AT_PREDICTION_TIME,NO_FUTURE_LOOKUP_BY_NAMING,PASS,Feature appears to be historical lag/rolling derived. | Historical feature family based on naming.
153,occupied_spaces_roll_median_6h,0.0031353586819022,gain,occupancy,float64,True,False,23244,23244,0,3241,4980,0,1897,0.0,3643.0,517.293473584581,10.0,3915.0,577.9409638554217,False,True,0.30399775089833825,NO_DIRECT_TARGET_DEPENDENCY_IDENTIFIED,LIKELY_AVAILABLE_AT_PREDICTION_TIME,NO_FUTURE_LOOKUP_BY_NAMING,PASS,Feature appears to be historical lag/rolling derived. | Historical feature family based on naming.
154,occupied_spaces_roll_std_3h,0.0030998568981885,gain,occupancy,float64,True,False,23244,23244,0,20376,4980,0,4480,0.0,955.4799627326958,71.04811703534011,0.0,960.7871560255546,87.41088880306621,False,True,0.25612865812737834,NO_DIRECT_TARGET_DEPENDENCY_IDENTIFIED,LIKELY_AVAILABLE_AT_PREDICTION_TIME,NO_FUTURE_LOOKUP_BY_NAMING,PASS,Feature appears to be historical lag/rolling derived. | Historical feature family based on naming.
155,occupancy_rate_roll_mean_2h,0.0030777782667428,gain,occupancy,float64,True,False,23244,23244,0,19946,4980,0,4712,0.0,1.0,0.4453071255975427,0.007886435331230283,1.0,0.49159580224615196,False,True,0.9269761183123892,NO_DIRECT_TARGET_DEPENDENCY_IDENTIFIED,LIKELY_AVAILABLE_AT_PREDICTION_TIME,NO_FUTURE_LOOKUP_BY_NAMING,PASS,Feature appears to be historical lag/rolling derived. | Historical feature family based on naming.
156,days_to_month_end,0.003042756114155,gain,temporal,int64,True,False,23244,23244,0,30,4980,0,12,0.0,29.0,15.258948545861298,0.0,30.0,15.037751004016064,False,True,-0.003505331913815896,NO_DIRECT_TARGET_DEPENDENCY_IDENTIFIED,REQUIRES_SOURCE_REVIEW,NOT_DETERMINED_FROM_NAME,REVIEW,
157,occupancy_rate_roll_min_3h,0.0029564877040684,gain,occupancy,float64,True,False,23244,23244,0,8528,4980,0,2680,0.0,1.0,0.34394074018301485,0.007886435331230283,1.0,0.3722094089160155,False,True,0.7597681447479283,NO_DIRECT_TARGET_DEPENDENCY_IDENTIFIED,LIKELY_AVAILABLE_AT_PREDICTION_TIME,NO_FUTURE_LOOKUP_BY_NAMING,PASS,Feature appears to be historical lag/rolling derived. | Historical feature family based on naming.
158,available_spaces_roll_std_2h,0.0029102675616741,gain,rolling,float64,True,False,23244,23244,0,20216,4980,0,4455,0.0,782.2196622432856,52.350918549256754,0.0,798.6971891774754,64.40076927331984,False,True,0.19399603794817402,NO_DIRECT_TARGET_DEPENDENCY_IDENTIFIED,LIKELY_AVAILABLE_AT_PREDICTION_TIME,NO_FUTURE_LOOKUP_BY_NAMING,PASS,Feature appears to be historical lag/rolling derived. | Historical feature family based on naming.
159,available_spaces_roll_trend_12h,0.002888640621677,gain,rolling,float64,True,False,23244,23244,0,2021,4980,0,1278,-3425.0,101.0,-351.884443297195,-3581.0,200.0,-425.52590361445783,False,True,-0.35690399487960434,NO_DIRECT_TARGET_DEPENDENCY_IDENTIFIED,LIKELY_AVAILABLE_AT_PREDICTION_TIME,NO_FUTURE_LOOKUP_BY_NAMING,PASS,Feature appears to be historical lag/rolling derived. | Historical feature family based on naming.
160,occupied_spaces_roll_mean_6h,0.0028827071655541,gain,occupancy,float64,True,False,23244,23244,0,15626,4980,0,4337,0.0,3282.923076923077,498.2181995460132,10.0,3671.230769230769,557.3833645036356,False,True,0.2963789247999037,NO_DIRECT_TARGET_DEPENDENCY_IDENTIFIED,LIKELY_AVAILABLE_AT_PREDICTION_TIME,NO_FUTURE_LOOKUP_BY_NAMING,PASS,Feature appears to be historical lag/rolling derived. | Historical feature family based on naming.
161,occupied_spaces_roll_mean_2h,0.002831459743902,gain,occupancy,float64,True,False,23244,23244,0,8863,4980,0,3666,0.0,3901.0,572.8411919921987,10.0,4262.2,652.1799096385542,False,True,0.3156764942326351,NO_DIRECT_TARGET_DEPENDENCY_IDENTIFIED,LIKELY_AVAILABLE_AT_PREDICTION_TIME,NO_FUTURE_LOOKUP_BY_NAMING,PASS,Feature appears to be historical lag/rolling derived. | Historical feature family based on naming.
162,occupied_spaces_roll_mean_1h,0.0028259449172765,gain,occupancy,float64,True,False,23244,23244,0,5777,4980,0,2992,0.0,3929.6666666666665,596.9311291802903,10.0,4296.0,682.3919344042838,False,True,0.3231975688922293,NO_DIRECT_TARGET_DEPENDENCY_IDENTIFIED,LIKELY_AVAILABLE_AT_PREDICTION_TIME,NO_FUTURE_LOOKUP_BY_NAMING,PASS,Feature appears to be historical lag/rolling derived. | Historical feature family based on naming.
163,occupied_spaces_roll_max_12h,0.002783763455227,gain,occupancy,float64,True,False,23244,23244,0,2233,4980,0,1429,0.0,3949.0,640.7053863362588,10.0,4327.0,735.9008032128514,False,True,0.3148274060465171,NO_DIRECT_TARGET_DEPENDENCY_IDENTIFIED,LIKELY_AVAILABLE_AT_PREDICTION_TIME,NO_FUTURE_LOOKUP_BY_NAMING,PASS,Feature appears to be historical lag/rolling derived. | Historical feature family based on naming.
164,available_spaces_lag_3h,0.0026843445375561,gain,lag,float64,True,False,23244,15003,8241,2894,3180,1800,1520,-15.0,4151.0,842.2662134239819,-16.0,4055.0,796.0896226415094,False,True,-0.37776450209771567,NO_DIRECT_TARGET_DEPENDENCY_IDENTIFIED,LIKELY_AVAILABLE_AT_PREDICTION_TIME,NO_FUTURE_LOOKUP_BY_NAMING,PASS,Feature appears to be historical lag/rolling derived. | Historical feature family based on naming. | Training data contains missing values. | Validation data contains missing values.
165,calendar_day_of_year,0.0026616635732352,gain,temporal,int64,True,False,23244,23244,0,51,4980,0,12,278.0,330.0,304.74363276544483,330.0,343.0,336.5765060240964,False,True,0.030086430000634944,NO_DIRECT_TARGET_DEPENDENCY_IDENTIFIED,REQUIRES_SOURCE_REVIEW,NOT_DETERMINED_FROM_NAME,REVIEW,
166,occupancy_state_valid,0.0025835065171122,gain,occupancy,bool,True,False,23244,23244,0,2,4980,0,2,0.0,1.0,0.9948373773877129,0.0,1.0,0.9771084337349397,False,True,-0.13513152804730963,REQUIRES_SOURCE_REVIEW,REQUIRES_SOURCE_REVIEW,NOT_DETERMINED_FROM_NAME,REVIEW,Feature is derived from occupancy/demand/availability information and requires source-level review. | Current operational feature requires verification against inference-time availability.
167,is_weekend,0.0025241044349968,gain,temporal,bool,True,False,23244,23244,0,2,4980,0,2,0.0,1.0,0.26475649630012044,0.0,1.0,0.18112449799196786,False,True,-0.2788012125906648,NO_DIRECT_TARGET_DEPENDENCY_IDENTIFIED,AVAILABLE_AT_PREDICTION_TIME,NOT_DETERMINED_FROM_NAME,PASS,Calendar/time feature.
168,occupied_spaces_roll_std_12h,0.0025209942832589,gain,occupancy,float64,True,False,23244,23244,0,20456,4980,0,4494,0.0,1264.516216670321,129.49960031207104,0.0,1270.57189233579,158.78459838905758,False,True,0.33728270292445234,NO_DIRECT_TARGET_DEPENDENCY_IDENTIFIED,LIKELY_AVAILABLE_AT_PREDICTION_TIME,NO_FUTURE_LOOKUP_BY_NAMING,PASS,Feature appears to be historical lag/rolling derived. | Historical feature family based on naming.
169,day_of_year,0.0024901011493057,gain,temporal,int64,True,False,23244,23244,0,51,4980,0,12,278.0,330.0,304.74363276544483,330.0,343.0,336.5765060240964,False,True,0.030086430000634944,NO_DIRECT_TARGET_DEPENDENCY_IDENTIFIED,AVAILABLE_AT_PREDICTION_TIME,NOT_DETERMINED_FROM_NAME,PASS,Calendar/time feature.
170,is_moderate_demand,0.0024330599699169,gain,demand,bool,True,False,23244,23244,0,2,4980,0,2,0.0,1.0,0.28962312854930305,0.0,1.0,0.2612449799196787,False,True,-0.24357253800993556,REQUIRES_SOURCE_REVIEW,REQUIRES_SOURCE_REVIEW,NOT_DETERMINED_FROM_NAME,REVIEW,Feature is derived from occupancy/demand/availability information and requires source-level review. | Current operational feature requires verification against inference-time availability.
171,is_sunday,0.002409761538729,gain,temporal,bool,True,False,23244,23244,0,2,4980,0,2,0.0,1.0,0.13212011701944587,0.0,1.0,0.086144578313253,False,True,-0.24645825880324632,NO_DIRECT_TARGET_DEPENDENCY_IDENTIFIED,REQUIRES_SOURCE_REVIEW,NOT_DETERMINED_FROM_NAME,REVIEW,
172,available_spaces_roll_std_6h,0.0023565252777189,gain,rolling,float64,True,False,23244,23244,0,20510,4980,0,4497,0.0,1221.8964695294446,116.72375217818887,0.0,1219.7602005089207,143.91964076228263,False,True,0.34028730321373796,NO_DIRECT_TARGET_DEPENDENCY_IDENTIFIED,LIKELY_AVAILABLE_AT_PREDICTION_TIME,NO_FUTURE_LOOKUP_BY_NAMING,PASS,Feature appears to be historical lag/rolling derived. | Historical feature family based on naming.
173,occupancy_rate_roll_max_12h,0.0022538038901984,gain,occupancy,float64,True,False,23244,23244,0,9266,4980,0,2886,0.0,1.0,0.4976647531062903,0.007886435331230283,1.0,0.5529870182217725,False,True,0.9634745635543308,NO_DIRECT_TARGET_DEPENDENCY_IDENTIFIED,LIKELY_AVAILABLE_AT_PREDICTION_TIME,NO_FUTURE_LOOKUP_BY_NAMING,PASS,Feature appears to be historical lag/rolling derived. | Historical feature family based on naming.
174,day_of_year_cos,0.0021701552905142,gain,temporal,float64,True,False,23244,23244,0,51,4980,0,12,0.04290475819955435,0.8049617075821958,0.465074679237898,0.8049617075821958,0.9163169044870048,0.8646881879235009,False,True,0.025842124701125433,NO_DIRECT_TARGET_DEPENDENCY_IDENTIFIED,REQUIRES_SOURCE_REVIEW,NOT_DETERMINED_FROM_NAME,REVIEW,
175,occupied_spaces_roll_median_2h,0.0021133960690349,gain,occupancy,float64,True,False,23244,23244,0,2980,4980,0,1756,0.0,3907.0,577.1748193082086,10.0,4272.0,656.9732931726908,False,True,0.3179350153592395,NO_DIRECT_TARGET_DEPENDENCY_IDENTIFIED,LIKELY_AVAILABLE_AT_PREDICTION_TIME,NO_FUTURE_LOOKUP_BY_NAMING,PASS,Feature appears to be historical lag/rolling derived. | Historical feature family based on naming.
176,is_high_demand,0.0021115776617079,gain,demand,bool,True,False,23244,23244,0,2,4980,0,2,0.0,1.0,0.24987093443469283,0.0,1.0,0.2315261044176707,False,True,0.3088847578713745,REQUIRES_SOURCE_REVIEW,REQUIRES_SOURCE_REVIEW,NOT_DETERMINED_FROM_NAME,REVIEW,Feature is derived from occupancy/demand/availability information and requires source-level review. | Current operational feature requires verification against inference-time availability.
177,available_spaces_roll_mean_3h,0.0020593153312802,gain,rolling,float64,True,False,23244,23244,0,13140,4980,0,4123,-15.0,4151.0,848.0511219485212,-14.857142857142858,4055.0,799.1879393765538,False,True,-0.44933327161212544,NO_DIRECT_TARGET_DEPENDENCY_IDENTIFIED,LIKELY_AVAILABLE_AT_PREDICTION_TIME,NO_FUTURE_LOOKUP_BY_NAMING,PASS,Feature appears to be historical lag/rolling derived. | Historical feature family based on naming.
178,available_spaces_roll_std_3h,0.0017001085216179,gain,rolling,float64,True,False,23244,23244,0,20454,4980,0,4485,0.0,955.479962732696,71.04811703534011,0.0,960.7871560255546,87.41088880306614,False,True,0.25612865812737823,NO_DIRECT_TARGET_DEPENDENCY_IDENTIFIED,LIKELY_AVAILABLE_AT_PREDICTION_TIME,NO_FUTURE_LOOKUP_BY_NAMING,PASS,Feature appears to be historical lag/rolling derived. | Historical feature family based on naming.
179,is_thursday,0.0015659673372283,gain,temporal,bool,True,False,23244,23244,0,2,4980,0,2,0.0,1.0,0.14033729134400275,0.0,1.0,0.16927710843373495,False,True,0.09371175032362375,NO_DIRECT_TARGET_DEPENDENCY_IDENTIFIED,REQUIRES_SOURCE_REVIEW,NOT_DETERMINED_FROM_NAME,REVIEW,
180,available_spaces_roll_std_12h,0.0014688137453049,gain,rolling,float64,True,False,23244,23244,0,20517,4980,0,4500,0.0,1264.5162166703212,129.499600312071,0.0,1270.57189233579,158.78459838905758,False,True,0.33728270292445234,NO_DIRECT_TARGET_DEPENDENCY_IDENTIFIED,LIKELY_AVAILABLE_AT_PREDICTION_TIME,NO_FUTURE_LOOKUP_BY_NAMING,PASS,Feature appears to be historical lag/rolling derived. | Historical feature family based on naming.
181,occupancy_level,0.0006854338571429,gain,occupancy,str,False,True,23244,23244,0,5,4980,0,4,,,,,,,False,True,,REQUIRES_SOURCE_REVIEW,REQUIRES_SOURCE_REVIEW,NOT_DETERMINED_FROM_NAME,REVIEW,Feature is derived from occupancy/demand/availability information and requires source-level review. | Current operational feature requires verification against inference-time availability.
182,week_of_year,0.0005954249063506,gain,temporal,int64,True,False,23244,23244,0,8,4980,0,3,40.0,47.0,43.5502925486147,47.0,49.0,48.1578313253012,False,True,0.05841153321604102,NO_DIRECT_TARGET_DEPENDENCY_IDENTIFIED,REQUIRES_SOURCE_REVIEW,NOT_DETERMINED_FROM_NAME,REVIEW,
